rank,bgm_title,source_game_title,logical_game_name,existing_game_id,new_game_required,igdb_id,duplicate_status,confidence,notes
6,Liyue,Genshin Impact,Genshin Impact,,true,119277,not_duplicate,high,IGDB正式名・別名の完全一致候補が1件
8,You Will Recall Our Names,Xenoblade Chronicles 2,Xenoblade Chronicles 2,,true,26766,not_duplicate,high,IGDB正式名・別名の完全一致候補が1件
9,To One with Life,Monster Hunter 3,Monster Hunter Tri,,true,2268,not_duplicate,high,IGDB別名『Monster Hunter 3 (tri-)』『モンスターハンター3』から原作を確定。3 Ultimateとは分離
10,Comona,Ace Combat 04: Shattered Skies,Ace Combat 04: Shattered Skies,,true,9763,not_duplicate,high,IGDB正式名・別名の完全一致候補が1件
11,Want You Gone,Portal 2,Portal 2,,true,72,not_duplicate,high,IGDB正式名・別名の完全一致候補が1件
12,Take the Journey,Honkai: Star Rail,Honkai Star Rail,7,false,178282,not_duplicate,high,既存logical game一致。IGDB正式名・別名の完全一致候補が1件
13,Fossil Falls,Super Mario Odyssey,Super Mario Odyssey,,true,26758,not_duplicate,high,IGDB正式名・別名の完全一致候補が1件
15,Proof of a Hero - MHXX Version,Monster Hunter Generations Ultimate,Monster Hunter Generations Ultimate,,true,25623,not_duplicate,high,IGDB正式名・別名の完全一致候補が1件
16,The Unsung War,Ace Combat 5: The Unsung War,Ace Combat 5: The Unsung War,,true,14753,not_duplicate,high,IGDB正式名・別名の完全一致候補が1件
17,Heartache,Undertale,Undertale,,true,12517,not_duplicate,high,IGDB正式名・別名の完全一致候補が1件
18,Come Alive,Zenless Zone Zero,Zenless Zone Zero,,true,200551,not_duplicate,high,IGDB正式名・別名の完全一致候補が1件
20,Eternal Wind,Final Fantasy III,Final Fantasy III,,true,77234,not_duplicate,high,1990年FC原作。IGDB 426は北米でFinal Fantasy IIIと呼ばれたFFVIのため除外
21,Nay! The Honor is All Ours,Monster Hunter: World,Monster Hunter: World,2,false,36926,not_duplicate,high,既存logical game一致。IGDB正式名・別名の完全一致候補が1件
22,The Round Table,Ace Combat Zero: The Belkan War,Ace Combat Zero: The Belkan War,,true,14754,not_duplicate,high,IGDB正式名・別名の完全一致候補が1件
23,Rude Buster,Deltarune,Deltarune,,true,171233,not_duplicate,high,IGDB正式名・別名の完全一致候補が1件
24,Aoharu,Blue Archive,Blue Archive,,true,139391,distinct_confirmed,high,IGDB正式名・別名の完全一致候補が1件。重複判定: 『RE Aoharu』はAoharuのアレンジ版であり別音源
25,Overworld Theme,The Legend of Zelda,The Legend of Zelda,,true,1022,not_duplicate,high,IGDB正式名・別名の完全一致候補が1件
27,The Invading Tyrant / Bazelgeuse,Monster Hunter: World - Iceborne,Monster Hunter: World - Iceborne,,true,113344,not_duplicate,high,IGDB正式名・別名の完全一致候補が1件
28,Magic Spear I,Ace Combat 7: Skies Unknown,Ace Combat 7: Skies Unknown,,true,14758,not_duplicate,high,IGDB正式名・別名の完全一致候補が1件
29,City of Tears,Hollow Knight,Hollow Knight,,true,14593,not_duplicate,high,IGDB正式名・別名の完全一致候補が1件
30,Between Two Worlds,Limbus Company,Limbus Company,,true,194106,not_duplicate,high,IGDB正式名・別名の完全一致候補が1件
33,Brave Hunters,Monster Hunter Rise,Monster Hunter Rise,,true,138950,not_duplicate,high,IGDB正式名・別名の完全一致候補が1件
34,Rough and Decent,Armored Core VI: Fires of Rubicon,Armored Core VI: Fires of Rubicon,,true,228542,not_duplicate,high,IGDB正式名・別名の完全一致候補が1件
38,Terra's Theme,FINAL FANTASY VI,FINAL FANTASY VI,102,false,426,not_duplicate,high,既存games/game_aliases完全一致。既存IGDB紐付けを維持
39,Scarlet Feast / Malzeno,Monster Hunter Rise: Sunbreak,Monster Hunter Rise: Sunbreak,,true,172425,not_duplicate,high,IGDB正式名・別名の完全一致候補が1件
41,First Steps,Celeste,Celeste,,true,26226,not_duplicate,high,IGDB正式名・別名の完全一致候補が1件
43,Clock Town,The Legend of Zelda: Majora's Mask,The Legend of Zelda: Majora's Mask,,true,1030,not_duplicate,high,IGDB正式名・別名の完全一致候補が1件
45,Main Theme,Monster Hunter Wilds,Monster Hunter Wilds,,true,279661,not_duplicate,high,IGDB正式名・別名の完全一致候補が1件
46,Main Theme,Metal Gear Solid 2: Sons of Liberty,Metal Gear Solid 2: Sons of Liberty,,true,376,not_duplicate,high,IGDB正式名・別名の完全一致候補が1件
48,Bangin' Burst,SOUND VOLTEX,Sound Voltex Nabla,,true,382474,not_duplicate,high,IGDB正式名・別名の完全一致候補が1件
49,Great Sea,The Legend of Zelda: The Wind Waker,The Legend of Zelda: The Wind Waker,,true,1033,not_duplicate,high,IGDB正式名・別名の完全一致候補が1件
51,Taste the Blood,Devil May Cry 3: Dante's Awakening,Devil May Cry 3: Dante's Awakening,,true,136,not_duplicate,high,IGDB正式名・別名の完全一致候補が1件
52,Way to Fall,Metal Gear Solid 3: Snake Eater,Metal Gear Solid 3: Snake Eater,,true,379,not_duplicate,high,IGDB正式名・別名の完全一致候補が1件
53,Coral Crown,Hades II,Hades II,,true,228525,not_duplicate,high,IGDB正式名・別名の完全一致候補が1件
54,冥,beatmania IIDX,Beatmania IIDX,,true,94920,not_duplicate,high,IGDB正式名・別名の完全一致候補が1件
58,Silent Hill,Silent Hill,Silent Hill f,,true,222343,not_duplicate,high,IGDB正式名・別名の完全一致候補が1件
61,Ballad of the Goddess,The Legend of Zelda: Skyward Sword,The Legend of Zelda: Skyward Sword,,true,534,not_duplicate,high,IGDB正式名・別名の完全一致候補が1件
65,"Restoring the Light, Facing the Dark",Ori and the Blind Forest,Ori and the Blind Forest,,true,7344,not_duplicate,high,IGDB正式名・別名の完全一致候補が1件
66,さいたま2000,Taiko no Tatsujin,Taiko no Tatsujin: Niji-iro Version,,true,319924,not_duplicate,high,IGDB正式名・別名の完全一致候補が1件
67,Hyrule Castle,The Legend of Zelda: Breath of the Wild,The Legend of Zelda: Breath of the Wild,,true,7346,not_duplicate,high,IGDB正式名・別名の完全一致候補が1件
68,Blinded by Light,Final Fantasy XIII,Final Fantasy XIII,,true,389,not_duplicate,high,IGDB正式名・別名の完全一致候補が1件
71,Escaping a Foul Presence,Ori and the Will of the Wisps,Ori and the Will of the Wisps,,true,37001,not_duplicate,high,IGDB正式名・別名の完全一致候補が1件
72,Ready Steady,Project SEKAI COLORFUL STAGE!,Hatsune Miku: Colorful Stage!,,true,139134,not_duplicate,high,IGDB別名『Project SEKAI COLORFUL STAGE! feat. Hatsune Miku』と一致
73,Colgera Battle,The Legend of Zelda: Tears of the Kingdom,The Legend of Zelda: Tears of the Kingdom,,true,119388,not_duplicate,high,IGDB正式名・別名の完全一致候補が1件
74,Somnus,Final Fantasy XV,Final Fantasy XV,,true,359,not_duplicate,high,IGDB正式名・別名の完全一致候補が1件
76,Geralt of Rivia,The Witcher 3: Wild Hunt,The Witcher 3: Wild Hunt,,true,1942,not_duplicate,high,IGDB正式名・別名の完全一致候補が1件
77,Summer (Nature's Crescendo),Stardew Valley,Stardew Valley,,true,17000,not_duplicate,high,IGDB正式名・別名の完全一致候補が1件
78,The Disappearance of Hatsune Miku,Hatsune Miku: Project DIVA,Hatsune Miku: Project Diva,,true,11754,not_duplicate,high,IGDB正式名・別名の完全一致候補が1件
80,Ascension,Final Fantasy XVI,Final Fantasy XVI,,true,31551,not_duplicate,high,IGDB正式名・別名の完全一致候補が1件
82,Never Fade Away,Cyberpunk 2077,Cyberpunk 2077,,true,1877,not_duplicate,high,IGDB正式名・別名の完全一致候補が1件
83,Underground,Terraria,Terraria,,true,1879,not_duplicate,high,IGDB正式名・別名の完全一致候補が1件
85,Candy Mountain,Kirby Super Star,Kirby Super Star,,true,3719,not_duplicate,high,IGDB正式名・別名の完全一致候補が1件
86,Airbuster,Final Fantasy VII Remake,Final Fantasy VII Remake,,true,11169,not_duplicate,high,IGDB正式名・別名の完全一致候補が1件
88,That's the Way It Is,Red Dead Redemption 2,Red Dead Redemption 2,,true,25076,not_duplicate,high,IGDB正式名・別名の完全一致候補が1件
89,Subwoofer Lullaby,Minecraft: Java Edition,Minecraft: Java Edition,,true,121,not_duplicate,high,IGDB正式名・別名の完全一致候補が1件
90,Rapid as Wildfires,Genshin Impact,Genshin Impact,,true,119277,not_duplicate,high,IGDB正式名・別名の完全一致候補が1件
92,No Promises to Keep,Final Fantasy VII Rebirth,Final Fantasy VII Rebirth,,true,133236,not_duplicate,high,IGDB正式名・別名の完全一致候補が1件
93,Reset,Ōkami,Ōkami,,true,1271,not_duplicate,high,IGDB正式名・別名の完全一致候補が1件
94,Halo,Halo: Combat Evolved,Halo: Combat Evolved,,true,740,not_duplicate,high,IGDB正式名・別名の完全一致候補が1件
95,Pigstep,Minecraft,Minecraft,,true,135400,not_duplicate,high,IGDB正式名・別名の完全一致候補が1件
96,Pedujara: Even Immortality Ends,Honkai: Star Rail,Honkai Star Rail,7,false,178282,not_duplicate,high,既存logical game一致。IGDB正式名・別名の完全一致候補が1件
97,戦闘！トレーナー,ポケットモンスター 赤・緑,ポケットモンスター 赤・緑,93,false,1511|1561,not_duplicate,high,既存games/game_aliases完全一致。既存IGDB紐付けを維持
98,Footfalls,Final Fantasy XIV Online,Final Fantasy XIV: Endwalker,,true,143232,not_duplicate,high,FootfallsとClose in the DistanceはいずれもEndwalker収録。base gameへ統合せずExpansionとして分離
100,Halo Theme Mjolnir Mix,Halo 2,Halo 2,,true,986,not_duplicate,high,IGDB正式名・別名の完全一致候補が1件
101,The Cyber Grind,ULTRAKILL,Ultrakill,,true,124333,not_duplicate,high,IGDB正式名・別名の完全一致候補が1件
102,60% Daily,Zenless Zone Zero,Zenless Zone Zero,,true,200551,not_duplicate,high,IGDB正式名・別名の完全一致候補が1件
103,戦闘！野生ポケモン,ポケットモンスター 金・銀,ポケットモンスター 金・銀,94,false,1513|1558,not_duplicate,high,既存games/game_aliases完全一致。既存IGDB紐付けを維持
106,One Final Effort,Halo 3,Halo 3,,true,987,not_duplicate,high,IGDB正式名・別名の完全一致候補が1件
107,World's End Valentine,OMORI,Omori,,true,26673,not_duplicate,high,IGDB正式名・別名の完全一致候補が1件
108,Usagi Flap,Blue Archive,Blue Archive,,true,139391,not_duplicate,high,IGDB正式名・別名の完全一致候補が1件
109,戦闘！野生ポケモン,ポケットモンスター ルビー・サファイア,ポケットモンスター ルビー・サファイア,95,false,1515|1557,not_duplicate,high,既存games/game_aliases完全一致。既存IGDB紐付けを維持
112,At Doom's Gate,Doom,Doom (1993),,true,673,not_duplicate,high,At Doom's Gateは1993年原作収録。2016年版とは別logical game
114,"Fly, My Wings",Limbus Company,Limbus Company,,true,194106,not_duplicate,high,IGDB正式名・別名の完全一致候補が1件
115,戦闘！野生ポケモン,ポケットモンスター ダイヤモンド・パール,ポケットモンスター ダイヤモンド・パール,96,false,1518|1560,not_duplicate,high,既存games/game_aliases完全一致。既存IGDB紐付けを維持
118,BFG Division,DOOM (2016),Doom (2016),,true,7351,not_duplicate,high,年指定により2016年版を確定。1993年原作とは別logical game
119,Cara Mia Addio,Portal 2,Portal 2,,true,72,not_duplicate,high,IGDB正式名・別名の完全一致候補が1件
121,戦闘！フロンティアブレーン,Pokémon Platinum,Pokémon Platinum Version,,true,1519,not_duplicate,high,IGDB正式名・別名の完全一致候補が1件
122,Sanctuary,Kingdom Hearts II,Kingdom Hearts II,,true,1221,not_duplicate,high,IGDB正式名・別名の完全一致候補が1件
124,The Only Thing They Fear Is You,DOOM Eternal,Doom Eternal,,true,103298,not_duplicate,high,IGDB正式名・別名の完全一致候補が1件
125,Bonetrousle,Undertale,Undertale,,true,12517,not_duplicate,high,IGDB正式名・別名の完全一致候補が1件
127,戦闘！野生ポケモン,ポケットモンスター ブラック・ホワイト,ポケットモンスター ブラック・ホワイト,97,false,1522|1521,not_duplicate,high,既存games/game_aliases完全一致。既存IGDB紐付けを維持
128,Song of the Ancients / Devola,NieR Replicant,Nier Replicant,,true,80468,not_duplicate,high,IGDB正式名・別名の完全一致候補が1件
131,The World Revolving,Deltarune,Deltarune,,true,171233,not_duplicate,high,IGDB正式名・別名の完全一致候補が1件
132,For UltraPlayers,SOUND VOLTEX,Sound Voltex Nabla,,true,382474,not_duplicate,high,IGDB正式名・別名の完全一致候補が1件
133,戦闘！アクロマ,ポケットモンスター ブラック2・ホワイト2,ポケットモンスター ブラック2・ホワイト2,6,false,8284|8353,not_duplicate,high,既存games/game_aliases完全一致。既存IGDB紐付けを維持
134,City Ruins - Rays of Light,NieR: Automata,NieR: Automata,,true,11208,not_duplicate,high,IGDB正式名・別名の完全一致候補が1件
135,I'm Here,Sonic Frontiers,Sonic Frontiers,,true,150010,not_duplicate,high,IGDB正式名・別名の完全一致候補が1件
136,The Last of Us,The Last of Us,The Last of Us,,true,1009,not_duplicate,high,IGDB正式名・別名の完全一致候補が1件
137,Mantis Lords,Hollow Knight,Hollow Knight,,true,14593,not_duplicate,high,IGDB正式名・別名の完全一致候補が1件
138,V,beatmania IIDX,Beatmania IIDX,,true,94920,not_duplicate,high,IGDB正式名・別名の完全一致候補が1件
139,戦闘！ヒガナ,Pokémon Omega Ruby and Alpha Sapphire,Pokémon Omega Ruby and Alpha Sapphire,,true,6897|6898,not_duplicate,high,ペア各版をIGDBで個別照合し、1つのlogical gameに統合する候補
141,All Hail Shadow,Sonic X Shadow Generations,Sonic X Shadow Generations,,true,284716,not_duplicate,high,IGDB正式名・別名の完全一致候補が1件
142,God of War,God of War (2018),God of War,,true,19560,not_duplicate,high,年指定により2018年版を確定
145,戦闘！ウルトラネクロズマ,Pokémon Ultra Sun and Ultra Moon,Pokémon Ultra Sun and Ultra Moon,,true,36792|36793,not_duplicate,high,ペア各版をIGDBで個別照合し、1つのlogical gameに統合する候補
146,Battle at Journey's End,Octopath Traveler,Octopath Traveler,,true,26765,not_duplicate,high,IGDB正式名・別名の完全一致候補が1件
147,24-Hour Cinderella,Like a Dragon 0,Yakuza 0,,true,11397,not_duplicate,high,IGDB別名『Like a Dragon 0: The Place of Oath』『龍が如く0 誓いの場所』と一致。Director's Cutとは分離
148,The Way of the Ghost,Ghost of Tsushima,Ghost of Tsushima,,true,75235,not_duplicate,high,IGDB正式名・別名の完全一致候補が1件
149,Scattered and Lost,Celeste,Celeste,,true,26226,not_duplicate,high,IGDB正式名・別名の完全一致候補が1件
150,幽玄ノ乱,Taiko no Tatsujin,Taiko no Tatsujin: Niji-iro Version,,true,319924,not_duplicate,high,IGDB正式名・別名の完全一致候補が1件
151,戦闘！マリィ,ポケットモンスター ソード・シールド,ポケットモンスター ソード・シールド,100,false,115653|37382,not_duplicate,high,既存games/game_aliases完全一致。既存IGDB紐付けを維持
152,Critical Clash II,Octopath Traveler II,Octopath Traveler II,,true,217554,not_duplicate,high,IGDB正式名・別名の完全一致候補が1件
154,Raphael's Final Act,Baldur's Gate 3,Baldur's Gate III,,true,119171,not_duplicate,high,IGDB正式名・別名の完全一致候補が1件
156,セカイ,Project SEKAI COLORFUL STAGE!,Hatsune Miku: Colorful Stage!,,true,139134,not_duplicate,high,IGDB別名『Project SEKAI COLORFUL STAGE! feat. Hatsune Miku』と一致
157,戦闘！ウォロ,Pokémon Legends: Arceus,Pokémon Legends: Arceus,,true,144054,not_duplicate,high,IGDB正式名・別名の完全一致候補が1件
158,That Person's Name Is,Bravely Default,Bravely Default,,true,4700,not_duplicate,high,IGDB正式名・別名の完全一致候補が1件
161,The Titan of Time,Hades II,Hades II,,true,228525,not_duplicate,high,IGDB正式名・別名の完全一致候補が1件
162,World is Mine,Hatsune Miku: Project DIVA,Hatsune Miku: Project Diva,,true,11754,not_duplicate,high,IGDB正式名・別名の完全一致候補が1件
163,戦闘！スター団,ポケットモンスター スカーレット・バイオレット,ポケットモンスター スカーレット・バイオレット,92,false,191930|191931,not_duplicate,high,既存games/game_aliases完全一致。既存IGDB紐付けを維持
165,Ornstein & Smough,Dark Souls,Dark Souls,,true,2155,not_duplicate,high,IGDB正式名・別名の完全一致候補が1件
166,Blockade,Ace Combat 04: Shattered Skies,Ace Combat 04: Shattered Skies,,true,9763,not_duplicate,high,IGDB正式名・別名の完全一致候補が1件
169,時の海を越えて,ポケモン不思議のダンジョン 時の探検隊・闇の探検隊,ポケモン不思議のダンジョン 時の探検隊・闇の探検隊,91,false,2322|2321,not_duplicate,high,既存games/game_aliases完全一致。既存IGDB紐付けを維持
170,Calling,The World Ends with You,The World Ends with You,,true,1343,not_duplicate,high,IGDB正式名・別名の完全一致候補が1件
171,Abyss Watchers,Dark Souls III,Dark Souls III,,true,11133,not_duplicate,high,IGDB正式名・別名の完全一致候補が1件
172,First Flight,Ace Combat 5: The Unsung War,Ace Combat 5: The Unsung War,,true,14753,not_duplicate,high,IGDB正式名・別名の完全一致候補が1件
173,"Naru, Embracing the Light",Ori and the Blind Forest,Ori and the Blind Forest,,true,7344,not_duplicate,high,IGDB正式名・別名の完全一致候補が1件
174,Childe Boss Theme (Rapture of the Chaos),Genshin Impact,Genshin Impact,,true,119277,not_duplicate,high,IGDB正式名・別名の完全一致候補が1件
175,シオカラ節,Splatoon,Splatoon,,true,7335,not_duplicate,high,IGDB正式名・別名の完全一致候補が1件
177,Cleric Beast,Bloodborne,Bloodborne,,true,7334,not_duplicate,high,IGDB正式名・別名の完全一致候補が1件
178,Mayhem,Ace Combat Zero: The Belkan War,Ace Combat Zero: The Belkan War,,true,14754,not_duplicate,high,IGDB正式名・別名の完全一致候補が1件
179,Shriek and Ori,Ori and the Will of the Wisps,Ori and the Will of the Wisps,,true,37001,not_duplicate,high,IGDB正式名・別名の完全一致候補が1件
180,Nevermore,Honkai: Star Rail,Honkai Star Rail,7,false,178282,not_duplicate,high,既存logical game一致。IGDB正式名・別名の完全一致候補が1件
181,フライ・オクト・フライ,Splatoon 2,Splatoon 2,,true,26761,not_duplicate,high,IGDB正式名・別名の完全一致候補が1件
182,七英雄バトル,Romancing SaGa 2,Romancing SaGa 2,,true,11312,not_duplicate,high,IGDB正式名・別名の完全一致候補が1件
183,Genichiro Ashina,Sekiro: Shadows Die Twice,Sekiro: Shadows Die Twice,,true,76882,not_duplicate,high,IGDB正式名・別名の完全一致候補が1件
184,Mimic,Ace Combat 7: Skies Unknown,Ace Combat 7: Skies Unknown,,true,14758,not_duplicate,high,IGDB正式名・別名の完全一致候補が1件
185,Fall (The Smell of Mushroom),Stardew Valley,Stardew Valley,,true,17000,not_duplicate,high,IGDB正式名・別名の完全一致候補が1件
186,Anarchy Rainbow,Splatoon 3,Splatoon 3,,true,143613,not_duplicate,high,IGDB正式名・別名の完全一致候補が1件
188,Main Theme,Elden Ring,Elden Ring,,true,119133,not_duplicate,high,IGDB正式名・別名の完全一致候補が1件
189,The Man Who Burned It All,Armored Core VI: Fires of Rubicon,Armored Core VI: Fires of Rubicon,,true,228542,not_duplicate,high,IGDB正式名・別名の完全一致候補が1件
190,Boss 1,Terraria,Terraria,,true,1879,not_duplicate,high,IGDB正式名・別名の完全一致候補が1件
191,Opening,Super Smash Bros. Melee,Super Smash Bros. Melee,,true,1627,not_duplicate,high,IGDB正式名・別名の完全一致候補が1件
192,Burn My Dread,Persona 3,Persona 3,,true,9577,not_duplicate,high,IGDB正式名・別名の完全一致候補が1件
193,Divine Beast Dancing Lion,Elden Ring: Shadow of the Erdtree,Elden Ring: Shadow of the Erdtree,,true,240009,not_duplicate,high,IGDB正式名・別名の完全一致候補が1件
195,Living Mice,Minecraft: Java Edition,Minecraft: Java Edition,,true,121,not_duplicate,high,IGDB正式名・別名の完全一致候補が1件
197,Full Moon Full Life,Persona 3 Reload,Persona 3 Reload,,true,252647,not_duplicate,high,IGDB正式名・別名の完全一致候補が1件
198,A Stranger I Remain,Metal Gear Rising: Revengeance,Metal Gear Rising: Revengeance,,true,378,not_duplicate,high,IGDB正式名・別名の完全一致候補が1件
199,Can't Say Goodbye to Yesterday,Metal Gear Solid 2: Sons of Liberty,Metal Gear Solid 2: Sons of Liberty,,true,376,not_duplicate,high,IGDB正式名・別名の完全一致候補が1件
200,Otherside,Minecraft,Minecraft,,true,135400,not_duplicate,high,IGDB正式名・別名の完全一致候補が1件
201,Don't Speak Her Name!,Fire Emblem Awakening,Fire Emblem Awakening,,true,1443,not_duplicate,high,IGDB正式名・別名の完全一致候補が1件
202,"Heartbeat, Heartbreak",Persona 4,Persona 4,,true,9600,not_duplicate,high,IGDB正式名・別名の完全一致候補が1件
204,Battle in the Base,Metal Gear Solid 3: Snake Eater,Metal Gear Solid 3: Snake Eater,,true,379,not_duplicate,high,IGDB正式名・別名の完全一致候補が1件
205,ORDER,ULTRAKILL,Ultrakill,,true,124333,not_duplicate,high,IGDB正式名・別名の完全一致候補が1件
206,Lost in Thoughts All Alone,Fire Emblem Fates,Fire Emblem Fates: Special Edition,,true,10229,not_duplicate,high,IGDB正式名・別名の完全一致候補が1件
207,Last Surprise,Persona 5,Persona 5,,true,9927,not_duplicate,high,IGDB正式名・別名の完全一致候補が1件
208,Flooded Commercial Sector,Stellar Blade,Stellar Blade,,true,117170,not_duplicate,high,IGDB正式名・別名の完全一致候補が1件
209,Not Tomorrow,Silent Hill,Silent Hill f,,true,222343,not_duplicate,high,IGDB正式名・別名の完全一致候補が1件
210,Final Duet,OMORI,Omori,,true,26673,not_duplicate,high,IGDB正式名・別名の完全一致候補が1件
211,God-Shattering Star,Fire Emblem: Three Houses,Fire Emblem: Three Houses,,true,26845,not_duplicate,high,IGDB正式名・別名の完全一致候補が1件
212,I Believe,Persona 5 Royal,Persona 5 Royal,,true,114283,not_duplicate,high,IGDB正式名・別名の完全一致候補が1件
215,Science Is Fun,Portal 2,Portal 2,,true,72,not_duplicate,high,IGDB正式名・別名の完全一致候補が1件
217,Battle Theme,Metaphor: ReFantazio,Metaphor: ReFantazio,,true,26602,not_duplicate,high,IGDB正式名・別名の完全一致候補が1件
218,Ceadeus Battle,Monster Hunter 3,Monster Hunter Tri,,true,2268,not_duplicate,high,IGDB別名『Monster Hunter 3 (tri-)』『モンスターハンター3』から原作を確定。3 Ultimateとは分離
219,Spear of Justice,Undertale,Undertale,,true,12517,not_duplicate,high,IGDB正式名・別名の完全一致候補が1件
220,Forest Interlude,Donkey Kong Country 2: Diddy's Kong Quest,Donkey Kong Country 2: Diddy's Kong Quest,,true,1092,not_duplicate,high,IGDB正式名・別名の完全一致候補が1件
221,Sunshine Coastline,Ys VIII: Lacrimosa of Dana,Ys VIII: Lacrimosa of Dana,,true,27304,not_duplicate,high,IGDB正式名・別名の完全一致候補が1件
222,Silver-Winged Star / Valstrax,Monster Hunter Generations Ultimate,Monster Hunter Generations Ultimate,,true,25623,not_duplicate,high,IGDB正式名・別名の完全一致候補が1件
223,Mute City,F-Zero,F-Zero,,true,3490,not_duplicate,high,IGDB正式名・別名の完全一致候補が1件
224,"Silver Will, Golden Wings",Trails in the Sky SC,The Legend of Heroes: Trails in the Sky SC,,true,16665,not_duplicate,high,IGDB正式名とSC別名から確定
225,Pride of a Nameless Hunter,Monster Hunter: World,Monster Hunter: World,2,false,36926,not_duplicate,high,既存logical game一致。IGDB正式名・別名の完全一致候補が1件
228,Brutish Indigo Rages / Brachydios,Monster Hunter: World - Iceborne,Monster Hunter: World - Iceborne,,true,113344,not_duplicate,high,IGDB正式名・別名の完全一致候補が1件
230,Lumière,Clair Obscur: Expedition 33,Clair Obscur: Expedition 33,,true,305152,not_duplicate,high,IGDB正式名・別名の完全一致候補が1件
231,Sanctuary Abandoned by the Gods,Monster Hunter Rise,Monster Hunter Rise,,true,138950,not_duplicate,high,IGDB正式名・別名の完全一致候補が1件
232,Break Free (Lead the Way),Super Mario Odyssey,Super Mario Odyssey,,true,26758,not_duplicate,high,IGDB正式名・別名の完全一致候補が1件
233,Engage the Enemy,Xenoblade Chronicles,Xenoblade Chronicles,,true,2364,not_duplicate,high,IGDB正式名・別名の完全一致候補が1件
236,Mor Ardain - Roaming the Wastes,Xenoblade Chronicles 2,Xenoblade Chronicles 2,,true,26766,not_duplicate,high,IGDB正式名・別名の完全一致候補が1件
237,The White Wraith,Monster Hunter Wilds,Monster Hunter Wilds,,true,279661,not_duplicate,high,IGDB正式名・別名の完全一致候補が1件
238,Dungeon Theme,The Legend of Zelda,The Legend of Zelda,,true,1022,not_duplicate,high,IGDB正式名・別名の完全一致候補が1件
239,Keves Battle,Xenoblade Chronicles 3,Xenoblade Chronicles 3,,true,191411,not_duplicate,high,IGDB正式名・別名の完全一致候補が1件
240,Divine Hate,Devil May Cry 3: Dante's Awakening,Devil May Cry 3: Dante's Awakening,,true,136,not_duplicate,high,IGDB正式名・別名の完全一致候補が1件
242,Battle 2,Final Fantasy III,Final Fantasy III,,true,77234,not_duplicate,high,1990年FC原作。IGDB 426は北米でFinal Fantasy IIIと呼ばれたFFVIのため除外
250,Molgera,The Legend of Zelda: The Wind Waker,The Legend of Zelda: The Wind Waker,,true,1033,not_duplicate,high,IGDB正式名・別名の完全一致候補が1件
251,Dancing Mad,FINAL FANTASY VI,FINAL FANTASY VI,102,false,426,not_duplicate,high,既存games/game_aliases完全一致。既存IGDB紐付けを維持
256,Fi's Farewell,The Legend of Zelda: Skyward Sword,The Legend of Zelda: Skyward Sword,,true,534,not_duplicate,high,IGDB正式名・別名の完全一致候補が1件
259,Guardian Battle,The Legend of Zelda: Breath of the Wild,The Legend of Zelda: Breath of the Wild,,true,7346,not_duplicate,high,IGDB正式名・別名の完全一致候補が1件
261,Ryoshima Coast,Ōkami,Ōkami,,true,1271,not_duplicate,high,IGDB正式名・別名の完全一致候補が1件
262,Demon King Ganondorf Battle,The Legend of Zelda: Tears of the Kingdom,The Legend of Zelda: Tears of the Kingdom,,true,119388,not_duplicate,high,IGDB正式名・別名の完全一致候補が1件
266,The Sunleth Waterscape,Final Fantasy XIII,Final Fantasy XIII,,true,389,not_duplicate,high,IGDB正式名・別名の完全一致候補が1件
268,Marx Battle,Kirby Super Star,Kirby Super Star,,true,3719,not_duplicate,high,IGDB正式名・別名の完全一致候補が1件
269,Apocalypsis Noctis,Final Fantasy XV,Final Fantasy XV,,true,359,not_duplicate,high,IGDB正式名・別名の完全一致候補が1件
272,"No Risk, No Reward",Final Fantasy XVI,Final Fantasy XVI,,true,31551,not_duplicate,high,IGDB正式名・別名の完全一致候補が1件
274,戦闘！ジムリーダー,ポケットモンスター 赤・緑,ポケットモンスター 赤・緑,93,false,1511|1561,not_duplicate,high,既存games/game_aliases完全一致。既存IGDB紐付けを維持
275,"Midgar, City of Mako",Final Fantasy VII Remake,Final Fantasy VII Remake,,true,11169,not_duplicate,high,IGDB正式名・別名の完全一致候補が1件
277,戦闘！トレーナー,ポケットモンスター 金・銀,ポケットモンスター 金・銀,94,false,1513|1558,not_duplicate,high,既存games/game_aliases完全一致。既存IGDB紐付けを維持
278,Bow Wow Wow,Final Fantasy VII Rebirth,Final Fantasy VII Rebirth,,true,133236,not_duplicate,high,IGDB正式名・別名の完全一致候補が1件
279,戦闘！トレーナー,ポケットモンスター ルビー・サファイア,ポケットモンスター ルビー・サファイア,95,false,1515|1557,not_duplicate,high,既存games/game_aliases完全一致。既存IGDB紐付けを維持
280,Close in the Distance,Final Fantasy XIV Online,Final Fantasy XIV: Endwalker,,true,143232,not_duplicate,high,FootfallsとClose in the DistanceはいずれもEndwalker収録。base gameへ統合せずExpansionとして分離
281,戦闘！トレーナー,ポケットモンスター ダイヤモンド・パール,ポケットモンスター ダイヤモンド・パール,96,false,1518|1560,not_duplicate,high,既存games/game_aliases完全一致。既存IGDB紐付けを維持
283,戦闘！ギラティナ,Pokémon Platinum,Pokémon Platinum Version,,true,1519,not_duplicate,high,IGDB正式名・別名の完全一致候補が1件
285,戦闘！トレーナー,ポケットモンスター ブラック・ホワイト,ポケットモンスター ブラック・ホワイト,97,false,1522|1521,not_duplicate,high,既存games/game_aliases完全一致。既存IGDB紐付けを維持
287,戦闘！ゲーチス,ポケットモンスター ブラック2・ホワイト2,ポケットモンスター ブラック2・ホワイト2,6,false,8284|8353,not_duplicate,high,既存games/game_aliases完全一致。既存IGDB紐付けを維持
288,Darkness of the Unknown,Kingdom Hearts II,Kingdom Hearts II,,true,1221,not_duplicate,high,IGDB正式名・別名の完全一致候補が1件
290,Pascal,NieR: Automata,NieR: Automata,,true,11208,not_duplicate,high,IGDB正式名・別名の完全一致候補が1件
292,Decisive Battle II,Octopath Traveler,Octopath Traveler,,true,26765,not_duplicate,high,IGDB正式名・別名の完全一致候補が1件
293,Song of Hope,Octopath Traveler II,Octopath Traveler II,,true,217554,not_duplicate,high,IGDB正式名・別名の完全一致候補が1件
294,Serpent Eating the Ground,Bravely Default,Bravely Default,,true,4700,not_duplicate,high,IGDB正式名・別名の完全一致候補が1件
296,Don't Worry,Xenoblade Chronicles X,Xenoblade Chronicles X,,true,2366,not_duplicate,high,IGDB正式名・別名の完全一致候補が1件
297,To One with Life,Monster Hunter 2,Monster Hunter 2,,true,43668,not_duplicate,high,IGDB正式名・別名の完全一致候補が1件
299,The Rain Formerly Known as Purple,Risk of Rain 2,Risk of Rain 2,,true,28512,not_duplicate,high,IGDB正式名・別名の完全一致候補が1件
300,We're Never Giving Up,Goddess of Victory: Nikke,Goddess of Victory: Nikke,,true,117199,not_duplicate,high,IGDB正式名・別名の完全一致候補が1件
301,I Am Astro Bot,ASTRO BOT,Astro Bot,,true,303811,not_duplicate,high,IGDB正式名・別名の完全一致候補が1件
303,Main Theme,Final Fantasy I,Final Fantasy,,true,385,not_duplicate,high,IGDB正式名・別名の完全一致候補が1件
304,Pokke Village Theme,Monster Hunter Freedom Unite,Monster Hunter Freedom Unite,,true,20427,not_duplicate,high,IGDB正式名・別名の完全一致候補が1件
305,Go Tell Aunt Rhody,Resident Evil 7 biohazard,Resident Evil 7: Biohazard,,true,19562,not_duplicate,high,IGDB正式名・別名の完全一致候補が1件
306,The Clocktower,Dead Cells,Dead Cells,,true,26855,not_duplicate,high,IGDB正式名・別名の完全一致候補が1件
307,Operation Pyrite,Arknights,Arknights,,true,123395,not_duplicate,high,IGDB正式名・別名の完全一致候補が1件
308,Crash Site,ASTRO BOT,Astro Bot,,true,303811,not_duplicate,high,IGDB正式名・別名の完全一致候補が1件
310,The Dalmasca Estersand,Final Fantasy XII,Final Fantasy XII,,true,398,not_duplicate,high,IGDB正式名・別名の完全一致候補が1件
311,Golden Mane / Rajang,Monster Hunter 4,Monster Hunter 4,,true,65676,not_duplicate,high,IGDB正式名・別名の完全一致候補が1件
312,Yearning for Dark Shadows,Resident Evil Village,Resident Evil Village,,true,55163,not_duplicate,high,IGDB正式名・別名の完全一致候補が1件
313,Panacea,Hyper Light Drifter,Hyper Light Drifter,,true,9806,not_duplicate,high,IGDB正式名・別名の完全一致候補が1件
314,Grand Battle,Fate/Grand Order,Fate/Grand Order,,true,24493,not_duplicate,high,IGDB正式名・別名の完全一致候補が1件
315,Papa Tree,ASTRO BOT,Astro Bot,,true,303811,not_duplicate,high,IGDB正式名・別名の完全一致候補が1件
317,Face My Fears,Kingdom Hearts III,Kingdom Hearts III,,true,2933,not_duplicate,high,IGDB正式名・別名の完全一致候補が1件
319,Remember,Armored Core: For Answer,Armored Core: For Answer,,true,5493,not_duplicate,high,IGDB正式名・別名の完全一致候補が1件
320,Strike the Earth!,Shovel Knight,Shovel Knight,,true,7444,not_duplicate,high,IGDB正式名・別名の完全一致候補が1件
321,New World Order,Granblue Fantasy,Granblue Fantasy,,true,13623,not_duplicate,high,IGDB正式名・別名の完全一致候補が1件
325,Mechanized Memories,Armored Core: Verdict Day,Armored Core: Verdict Day,,true,5494,not_duplicate,high,IGDB正式名・別名の完全一致候補が1件
326,Overdose,Katana ZERO,Katana Zero,,true,20150,not_duplicate,high,IGDB正式名・別名の完全一致候補が1件
331,Old Snake,Metal Gear Solid 4: Guns of the Patriots,Metal Gear Solid 4: Guns of the Patriots,,true,380,not_duplicate,high,IGDB正式名・別名の完全一致候補が1件
332,It's Pizza Time!,Pizza Tower,Pizza Tower,,true,135818,not_duplicate,high,IGDB正式名・別名の完全一致候補が1件
333,Burn My Soul,HEAVEN BURNS RED,Heaven Burns Red,,true,132099,not_duplicate,high,IGDB正式名・別名の完全一致候補が1件
334,Rainbow Road,Mario Kart 64,Mario Kart 64,,true,2342,not_duplicate,high,IGDB正式名・別名の完全一致候補が1件
335,Strange World,Dragon Quest VIII,Dragon Quest VIII: Journey of the Cursed King,,true,1819,not_duplicate,high,2004年PS2原作。3DS expanded game・mobile portとは分離
336,Opening Stage X,Mega Man X4,Mega Man X4,,true,1744,not_duplicate,high,IGDB正式名・別名の完全一致候補が1件
337,BB's Theme,Death Stranding,Death Stranding,,true,19564,not_duplicate,high,IGDB正式名・別名の完全一致候補が1件
339,Narwhal,Punishing: Gray Raven,Punishing: Gray Raven,,true,132185,not_duplicate,high,IGDB正式名・別名の完全一致候補が1件
340,Mute City,Mario Kart 8 Deluxe,Mario Kart 8 Deluxe,,true,26764,not_duplicate,high,IGDB正式名・別名の完全一致候補が1件
341,Unwavering Courage,Dragon Quest XI,Dragon Quest XI: Echoes of an Elusive Age,,true,11667,not_duplicate,high,IGDB正式名・別名の完全一致候補が1件
342,The Next Door,Street Fighter IV,Street Fighter IV,,true,884,not_duplicate,high,IGDB正式名・別名の完全一致候補が1件
343,To the Wilder,Death Stranding 2: On the Beach,Death Stranding 2: On the Beach,,true,228530,not_duplicate,high,IGDB正式名・別名の完全一致候補が1件
344,The Scrybe of Magicks,Inscryption,Inscryption,,true,139090,not_duplicate,high,IGDB正式名・別名の完全一致候補が1件
345,Saving Light,Wuthering Waves,Wuthering Waves,,true,202956,not_duplicate,high,IGDB正式名・別名の完全一致候補が1件
347,Battle of Oblivion,Bravely Second: End Layer,Bravely Second: End Layer,,true,11256,not_duplicate,high,IGDB正式名・別名の完全一致候補が1件
348,Sonic Heroes,Sonic Heroes,Sonic Heroes,,true,4156,not_duplicate,high,IGDB正式名・別名の完全一致候補が1件
353,Breaking Free,NEO: The World Ends with You,NEO: The World Ends with You,,true,141192,not_duplicate,high,IGDB正式名・別名の完全一致候補が1件
355,Reign of the Septims,The Elder Scrolls IV: Oblivion,The Elder Scrolls IV: Oblivion,,true,59,not_duplicate,high,IGDB正式名・別名の完全一致候補が1件
356,You're Gonna Need a Bigger Ukulele,Risk of Rain 2,Risk of Rain 2,,true,28512,not_duplicate,high,IGDB正式名・別名の完全一致候補が1件
357,お願い！シンデレラ,THE IDOLM@STER CINDERELLA GIRLS,The Idolmaster: Cinderella Girls,,true,11702,not_duplicate,high,IGDB正式名・別名の完全一致候補が1件
358,Butter Building,Kirby's Adventure,Kirby's Adventure,,true,3717,not_duplicate,high,IGDB正式名・別名の完全一致候補が1件
359,Battle #5,SaGa Frontier,SaGa Frontier,,true,11310,not_duplicate,high,IGDB正式名・別名の完全一致候補が1件
361,Theme from San Andreas,Grand Theft Auto: San Andreas,Grand Theft Auto: San Andreas,,true,732,not_duplicate,high,IGDB正式名・別名の完全一致候補が1件
362,The Hand of the King,Dead Cells,Dead Cells,,true,26855,not_duplicate,high,IGDB正式名・別名の完全一致候補が1件
363,Returns,BanG Dream! Girls Band Party!,BanG Dream! Girls Band Party!,,true,80138,not_duplicate,high,IGDB正式名・別名の完全一致候補が1件
364,Ripple Star,Kirby 64: The Crystal Shards,Kirby 64: The Crystal Shards,,true,2713,not_duplicate,high,IGDB正式名・別名の完全一致候補が1件
365,Meridian Child,Trials of Mana,Trials of Mana (1995),,true,11227,not_duplicate,high,Meridian Childは1995年原作（Seiken Densetsu 3）収録。IGDB 119391の2020 remakeとは分離
366,Receive You Reborn,Yakuza Kiwami,Yakuza Kiwami,,true,12595,not_duplicate,high,IGDB正式名・別名の完全一致候補が1件
367,Welcome to Los Santos,Grand Theft Auto V,Grand Theft Auto V,,true,1020,not_duplicate,high,IGDB正式名・別名の完全一致候補が1件
368,The Midnight Wood,Hyper Light Drifter,Hyper Light Drifter,,true,9806,not_duplicate,high,IGDB正式名・別名の完全一致候補が1件
369,Snow halation,Love Live! School Idol Festival,Love Live! School Idol Festival,,true,36660,not_duplicate,high,IGDB正式名・別名の完全一致候補が1件
370,Sky Tower,Kirby's Return to Dream Land,Kirby's Return to Dream Land,,true,3725,not_duplicate,high,IGDB正式名・別名の完全一致候補が1件
371,Battle -Fierce Battle-,Shin Megami Tensei III: Nocturne,Shin Megami Tensei III: Nocturne,,true,336392,not_duplicate,high,IGDB正式名・別名の完全一致候補が1件
372,Destiny,Yakuza 6: The Song of Life,Yakuza 6: The Song of Life,,true,12527,not_duplicate,high,IGDB正式名・別名の完全一致候補が1件
373,Hazardous Environments,Half-Life 2,Half-Life 2,,true,233,not_duplicate,high,IGDB正式名・別名の完全一致候補が1件
374,The Schemer,Shovel Knight,Shovel Knight,,true,7444,not_duplicate,high,IGDB正式名・別名の完全一致候補が1件
375,Satellites,Goddess of Victory: Nikke,Goddess of Victory: Nikke,,true,117199,not_duplicate,high,IGDB正式名・別名の完全一致候補が1件
377,Battle B2,Shin Megami Tensei IV,Shin Megami Tensei IV,,true,6886,not_duplicate,high,IGDB正式名・別名の完全一致候補が1件
378,Receive You The Hyperactive,Yakuza: Like a Dragon,Yakuza: Like a Dragon,,true,36550,not_duplicate,high,IGDB正式名・別名の完全一致候補が1件
380,Blue Room,Katana ZERO,Katana Zero,,true,20150,not_duplicate,high,IGDB正式名・別名の完全一致候補が1件
381,Radiant,Arknights,Arknights,,true,123395,not_duplicate,high,IGDB正式名・別名の完全一致候補が1件
382,Pink Ball Activate!,Kirby: Planet Robobot,Kirby: Planet Robobot,,true,18221,not_duplicate,high,IGDB正式名・別名の完全一致候補が1件
383,"Battle -Humans, Demons, and...",Shin Megami Tensei V,Shin Megami Tensei V,,true,26775,not_duplicate,high,IGDB正式名・別名の完全一致候補が1件
385,The Last of Us Part II,The Last of Us Part II,The Last of Us Part II,,true,26192,not_duplicate,high,IGDB正式名・別名の完全一致候補が1件
386,The Death That I Deservioli,Pizza Tower,Pizza Tower,,true,135818,not_duplicate,high,IGDB正式名・別名の完全一致候補が1件
387,Dies Irae,Fate/Grand Order,Fate/Grand Order,,true,24493,not_duplicate,high,IGDB正式名・別名の完全一致候補が1件
388,The Star Conquering Traveler,Kirby Star Allies,Kirby Star Allies,,true,37137,not_duplicate,high,IGDB正式名・別名の完全一致候補が1件
389,Cloaca Maxima,Ys IX: Monstrum Nox,Ys IX: Monstrum Nox,,true,113431,not_duplicate,high,IGDB正式名・別名の完全一致候補が1件
391,A Son's Path,God of War Ragnarök,God of War Ragnarök,,true,112875,not_duplicate,high,IGDB正式名・別名の完全一致候補が1件
393,Paradise Lost,Granblue Fantasy,Granblue Fantasy,,true,13623,not_duplicate,high,IGDB正式名・別名の完全一致候補が1件
394,戦闘！野生ポケモン,ポケットモンスター X・Y,ポケットモンスター X・Y,98,false,2287|2286,not_duplicate,high,既存games/game_aliases完全一致。既存IGDB紐付けを維持
395,To Be Free,Ys X: Nordics,Ys X: Nordics,,true,229176,not_duplicate,high,IGDB正式名・別名の完全一致候補が1件
396,The Concept of Love,Jet Set Radio Future,Jet Set Radio Future,,true,1570,not_duplicate,high,IGDB正式名・別名の完全一致候補が1件
397,Aloy's Theme,Horizon Zero Dawn,Horizon Zero Dawn,,true,11156,not_duplicate,high,IGDB正式名・別名の完全一致候補が1件
398,Deathcard Cabin,Inscryption,Inscryption,,true,139090,not_duplicate,high,IGDB正式名・別名の完全一致候補が1件
400,戦闘！しまキング・しまクイーン,ポケットモンスター サン・ムーン,ポケットモンスター サン・ムーン,99,false,18099|18100,not_duplicate,high,既存games/game_aliases完全一致。既存IGDB紐付けを維持
401,The Decisive Collision,Trails of Cold Steel,The Legend of Heroes: Trails of Cold Steel,,true,13557,not_duplicate,high,2013年原作。II以降・Kai remasterとは分離
403,In the Flood,Horizon Forbidden West,Horizon Forbidden West,,true,112874,not_duplicate,high,IGDB正式名・別名の完全一致候補が1件
405,Before I Rise,HEAVEN BURNS RED,Heaven Burns Red,,true,132099,not_duplicate,high,IGDB正式名・別名の完全一致候補が1件
406,てんくうのとう,ポケモン不思議のダンジョン 青の救助隊・赤の救助隊,ポケモン不思議のダンジョン 青の救助隊・赤の救助隊,101,false,2319|2320,not_duplicate,high,既存games/game_aliases完全一致。既存IGDB紐付けを維持
407,Spiral of Erebos,Trails of Cold Steel III,The Legend of Heroes: Trails of Cold Steel III,,true,26564,not_duplicate,high,IGDB正式名・別名の完全一致候補が1件
408,Storm Rising,Tekken 8,Tekken 8,,true,217590,not_duplicate,high,IGDB正式名・別名の完全一致候補が1件
409,Main Theme,Ghost of Yōtei,Ghost of Yotei,,true,317627,not_duplicate,high,IGDB正式名・別名の完全一致候補が1件
410,Hikari,Punishing: Gray Raven,Punishing: Gray Raven,,true,132185,not_duplicate,high,IGDB正式名・別名の完全一致候補が1件
413,Majula,Dark Souls II,Dark Souls II,,true,2368,not_duplicate,high,IGDB正式名・別名の完全一致候補が1件
415,The Shorekeeper,Wuthering Waves,Wuthering Waves,,true,202956,not_duplicate,high,IGDB正式名・別名の完全一致候補が1件
416,Together We Ride,Fire Emblem: The Blazing Blade,Fire Emblem: The Blazing Blade,,true,1439,not_duplicate,high,IGDB 1439『Fire Emblem』の別名『The Blazing Blade』『Rekka no Ken』から確定
418,Beginning,Castlevania III: Dracula's Curse,Castlevania III: Dracula's Curse,,true,1119,not_duplicate,high,IGDB正式名・別名の完全一致候補が1件
419,Safe Room,Resident Evil 7 biohazard,Resident Evil 7: Biohazard,,true,19562,not_duplicate,high,IGDB正式名・別名の完全一致候補が1件
421,Life Returns,Fire Emblem: Path of Radiance,Fire Emblem: Path of Radiance,,true,1441,not_duplicate,high,IGDB正式名・別名の完全一致候補が1件
424,Village of Shadows,Resident Evil Village,Resident Evil Village,,true,55163,not_duplicate,high,IGDB正式名・別名の完全一致候補が1件
425,Tulip,THE IDOLM@STER CINDERELLA GIRLS,The Idolmaster: Cinderella Girls,,true,11702,not_duplicate,high,IGDB正式名・別名の完全一致候補が1件
426,Eternal Bond,Fire Emblem: Radiant Dawn,Fire Emblem: Radiant Dawn,,true,1442,not_duplicate,high,IGDB正式名・別名の完全一致候補が1件
427,True Will,Tales of Berseria,Tales of Berseria,,true,18812,not_duplicate,high,IGDB正式名・別名の完全一致候補が1件
428,Ancient Rhythm,Monster Hunter 2,Monster Hunter 2,,true,43668,not_duplicate,high,IGDB正式名・別名の完全一致候補が1件
429,Someone is Always Moving on the Surface,Armored Core: For Answer,Armored Core: For Answer,,true,5493,not_duplicate,high,IGDB正式名・別名の完全一致候補が1件
430,FIRE BIRD,BanG Dream! Girls Band Party!,BanG Dream! Girls Band Party!,,true,80138,not_duplicate,high,IGDB正式名・別名の完全一致候補が1件
431,"Bright, Bold Sandstorm",Fire Emblem Engage,Fire Emblem Engage,,true,217550,not_duplicate,high,IGDB正式名・別名の完全一致候補が1件
432,Flame of Hope,Tales of Arise,Tales of Arise,,true,119270,not_duplicate,high,IGDB正式名・別名の完全一致候補が1件
433,The Roar of the Spark / Zinogre,Monster Hunter Freedom Unite,Monster Hunter Freedom Unite,,true,20427,not_duplicate,high,IGDB正式名・別名の完全一致候補が1件
434,Day After Day,Armored Core: Verdict Day,Armored Core: Verdict Day,,true,5494,not_duplicate,high,IGDB正式名・別名の完全一致候補が1件
435,僕らは今のなかで,Love Live! School Idol Festival,Love Live! School Idol Festival,,true,36660,not_duplicate,high,IGDB正式名・別名の完全一致候補が1件
437,Hometown Island,Atelier Ryza: Ever Darkness & the Secret Hideout,Atelier Ryza: Ever Darkness & the Secret Hideout,,true,119061,not_duplicate,high,IGDB正式名・別名の完全一致候補が1件
438,A Thousand Shining Blades / Dalamadur,Monster Hunter 4,Monster Hunter 4,,true,65676,not_duplicate,high,IGDB正式名・別名の完全一致候補が1件
439,Love Theme,Metal Gear Solid 4: Guns of the Patriots,Metal Gear Solid 4: Guns of the Patriots,,true,380,not_duplicate,high,IGDB正式名・別名の完全一致候補が1件
441,Iris,Atelier Yumia: The Alchemist of Memories & the Envisioned Land,Atelier Yumia: The Alchemist of Memories & the Envisioned Land,,true,314943,not_duplicate,high,IGDB正式名・別名の完全一致候補が1件
443,Don't Be So Serious,Death Stranding,Death Stranding,,true,19564,not_duplicate,high,IGDB正式名・別名の完全一致候補が1件
445,Black Tar,Xenoblade Chronicles X,Xenoblade Chronicles X,,true,2366,not_duplicate,high,IGDB正式名・別名の完全一致候補が1件
447,Horizon Dreamer,Death Stranding 2: On the Beach,Death Stranding 2: On the Beach,,true,228530,not_duplicate,high,IGDB正式名・別名の完全一致候補が1件
449,Battle,Final Fantasy I,Final Fantasy,,true,385,not_duplicate,high,IGDB正式名・別名の完全一致候補が1件
452,Title Theme,Animal Crossing,Animal Crossing,,true,2655,not_duplicate,high,IGDB正式名・別名の完全一致候補が1件
453,Battle for Freedom,Final Fantasy XII,Final Fantasy XII,,true,398,not_duplicate,high,IGDB正式名・別名の完全一致候補が1件
454,Storm Owl Stage,Mega Man X4,Mega Man X4,,true,1744,not_duplicate,high,IGDB正式名・別名の完全一致候補が1件
455,7 PM,Animal Crossing: New Leaf,Animal Crossing: New Leaf,,true,2687,not_duplicate,high,IGDB正式名・別名の完全一致候補が1件
456,Scala ad Caelum,Kingdom Hearts III,Kingdom Hearts III,,true,2933,not_duplicate,high,IGDB正式名・別名の完全一致候補が1件
457,Theme of C. Viper,Street Fighter IV,Street Fighter IV,,true,884,not_duplicate,high,IGDB正式名・別名の完全一致候補が1件
458,2 AM,Animal Crossing: New Horizons,Animal Crossing: New Horizons,,true,109462,not_duplicate,high,IGDB正式名・別名の完全一致候補が1件
460,What I'm Made Of...,Sonic Heroes,Sonic Heroes,,true,4156,not_duplicate,high,IGDB正式名・別名の完全一致候補が1件
461,Mute City,F-Zero GX,F-Zero GX,,true,3492,not_duplicate,high,IGDB正式名・別名の完全一致候補が1件
464,War Cry,Dragon Quest VIII,Dragon Quest VIII: Journey of the Cursed King,,true,1819,not_duplicate,high,2004年PS2原作。3DS expanded game・mobile portとは分離
466,Hero's Challenge,Dragon Quest XI,Dragon Quest XI: Echoes of an Elusive Age,,true,11667,not_duplicate,high,IGDB正式名・別名の完全一致候補が1件
468,The Ones Who Gather Stars in the Night,Bravely Second: End Layer,Bravely Second: End Layer,,true,11256,not_duplicate,high,IGDB正式名・別名の完全一致候補が1件
472,Koopa Troopa Beach,Mario Kart 64,Mario Kart 64,,true,2342,not_duplicate,high,IGDB正式名・別名の完全一致候補が1件
473,Mount Wario,Mario Kart 8 Deluxe,Mario Kart 8 Deluxe,,true,26764,not_duplicate,high,IGDB正式名・別名の完全一致候補が1件
476,Nightmare Wizard,Kirby's Adventure,Kirby's Adventure,,true,3717,not_duplicate,high,IGDB正式名・別名の完全一致候補が1件
477,Miracle Matter,Kirby 64: The Crystal Shards,Kirby 64: The Crystal Shards,,true,2713,not_duplicate,high,IGDB正式名・別名の完全一致候補が1件
478,Another Dimension,Kirby's Return to Dream Land,Kirby's Return to Dream Land,,true,3725,not_duplicate,high,IGDB正式名・別名の完全一致候補が1件
479,The World to Win,Kirby: Triple Deluxe,Kirby: Triple Deluxe,,true,5440,not_duplicate,high,IGDB正式名・別名の完全一致候補が1件
480,VS. Star Dream Soul OS,Kirby: Planet Robobot,Kirby: Planet Robobot,,true,18221,not_duplicate,high,IGDB正式名・別名の完全一致候補が1件
481,Void Termina Battle,Kirby Star Allies,Kirby Star Allies,,true,37137,not_duplicate,high,IGDB正式名・別名の完全一致候補が1件
482,戦闘！トレーナー,ポケットモンスター X・Y,ポケットモンスター X・Y,98,false,2287|2286,not_duplicate,high,既存games/game_aliases完全一致。既存IGDB紐付けを維持
485,Battle for the Dream,Yakuza 5,Yakuza 5,,true,2063,not_duplicate,high,IGDB正式名・別名の完全一致候補が1件
486,Lost Princess,Princess Connect! Re:Dive,Princess Connect! Re:Dive,,true,22791,not_duplicate,high,IGDB正式名・別名の完全一致候補が1件
490,Connecting Happy!!,Princess Connect! Re:Dive,Princess Connect! Re:Dive,,true,22791,not_duplicate,high,IGDB正式名・別名の完全一致候補が1件
491,Determination,Fire Emblem: The Sacred Stones,Fire Emblem: The Sacred Stones,,true,1440,not_duplicate,high,IGDB正式名・別名の完全一致候補が1件
492,"Somewhen, Somewhere...",Atelier Ryza 2: Lost Legends & the Secret Fairy,Atelier Ryza 2: Lost Legends & the Secret Fairy,,true,136414,not_duplicate,high,IGDB正式名・別名の完全一致候補が1件
494,Cliffhanger,Atelier Sophie: The Alchemist of the Mysterious Book,Atelier Sophie: The Alchemist of the Mysterious Book,,true,12633,not_duplicate,high,IGDB正式名・別名の完全一致候補が1件
