logical_game_name,normalized_name,source_game_title,primary_igdb_id,all_igdb_ids,released,image_url_candidate,confidence,notes
Ace Combat 04: Shattered Skies,acecombat04shatteredskies,Ace Combat 04: Shattered Skies,9763,9763,2001-09-13,https://images.igdb.com/igdb/image/upload/t_cover_big/cobr0u.jpg,high,IGDB正式名・別名の完全一致候補が1件
Ace Combat 5: The Unsung War,acecombat5theunsungwar,Ace Combat 5: The Unsung War,14753,14753,2004-10-21,https://images.igdb.com/igdb/image/upload/t_cover_big/co1osm.jpg,high,IGDB正式名・別名の完全一致候補が1件
Ace Combat 7: Skies Unknown,acecombat7skiesunknown,Ace Combat 7: Skies Unknown,14758,14758,2019-01-18,https://images.igdb.com/igdb/image/upload/t_cover_big/co1ilk.jpg,high,IGDB正式名・別名の完全一致候補が1件
Ace Combat Zero: The Belkan War,acecombatzerothebelkanwar,Ace Combat Zero: The Belkan War,14754,14754,2006-03-23,https://images.igdb.com/igdb/image/upload/t_cover_big/co6o8z.jpg,high,IGDB正式名・別名の完全一致候補が1件
Animal Crossing,animalcrossing,Animal Crossing,2655,2655,2002-09-16,https://images.igdb.com/igdb/image/upload/t_cover_big/co3wmn.jpg,high,IGDB正式名・別名の完全一致候補が1件
Animal Crossing: New Horizons,animalcrossingnewhorizons,Animal Crossing: New Horizons,109462,109462,2020-03-20,https://images.igdb.com/igdb/image/upload/t_cover_big/co3wls.jpg,high,IGDB正式名・別名の完全一致候補が1件
Animal Crossing: New Leaf,animalcrossingnewleaf,Animal Crossing: New Leaf,2687,2687,2012-11-08,https://images.igdb.com/igdb/image/upload/t_cover_big/cob8m6.jpg,high,IGDB正式名・別名の完全一致候補が1件
Arknights,arknights,Arknights,123395,123395,2019-05-01,https://images.igdb.com/igdb/image/upload/t_cover_big/co4uni.jpg,high,IGDB正式名・別名の完全一致候補が1件
Armored Core VI: Fires of Rubicon,armoredcorevifiresofrubicon,Armored Core VI: Fires of Rubicon,228542,228542,2023-08-24,https://images.igdb.com/igdb/image/upload/t_cover_big/coc408.jpg,high,IGDB正式名・別名の完全一致候補が1件
Armored Core: For Answer,armoredcoreforanswer,Armored Core: For Answer,5493,5493,2008-03-19,https://images.igdb.com/igdb/image/upload/t_cover_big/co6fzn.jpg,high,IGDB正式名・別名の完全一致候補が1件
Armored Core: Verdict Day,armoredcoreverdictday,Armored Core: Verdict Day,5494,5494,2013-09-24,https://images.igdb.com/igdb/image/upload/t_cover_big/co5x33.jpg,high,IGDB正式名・別名の完全一致候補が1件
Astro Bot,astrobot,ASTRO BOT,303811,303811,2024-09-06,https://images.igdb.com/igdb/image/upload/t_cover_big/coba3k.jpg,high,IGDB正式名・別名の完全一致候補が1件
Atelier Ryza 2: Lost Legends & the Secret Fairy,atelierryza2lostlegendsthesecretfairy,Atelier Ryza 2: Lost Legends & the Secret Fairy,136414,136414,2021-01-25,https://images.igdb.com/igdb/image/upload/t_cover_big/co2hbf.jpg,high,IGDB正式名・別名の完全一致候補が1件
Atelier Ryza: Ever Darkness & the Secret Hideout,atelierryzaeverdarknessthesecrethideout,Atelier Ryza: Ever Darkness & the Secret Hideout,119061,119061,2019-09-26,https://images.igdb.com/igdb/image/upload/t_cover_big/co20uc.jpg,high,IGDB正式名・別名の完全一致候補が1件
Atelier Sophie: The Alchemist of the Mysterious Book,ateliersophiethealchemistofthemysteriousbook,Atelier Sophie: The Alchemist of the Mysterious Book,12633,12633,2015-11-19,https://images.igdb.com/igdb/image/upload/t_cover_big/cob8ge.jpg,high,IGDB正式名・別名の完全一致候補が1件
Atelier Yumia: The Alchemist of Memories & the Envisioned Land,atelieryumiathealchemistofmemoriestheenvisionedland,Atelier Yumia: The Alchemist of Memories & the Envisioned Land,314943,314943,2025-03-21,https://images.igdb.com/igdb/image/upload/t_cover_big/co8rja.jpg,high,IGDB正式名・別名の完全一致候補が1件
Baldur's Gate III,baldursgateiii,Baldur's Gate 3,119171,119171,2023-08-03,https://images.igdb.com/igdb/image/upload/t_cover_big/co670h.jpg,high,IGDB正式名・別名の完全一致候補が1件
BanG Dream! Girls Band Party!,bangdreamgirlsbandparty,BanG Dream! Girls Band Party!,80138,80138,2017-03-16,https://images.igdb.com/igdb/image/upload/t_cover_big/co7lau.jpg,high,IGDB正式名・別名の完全一致候補が1件
Beatmania IIDX,beatmaniaiidx,beatmania IIDX,94920,94920,1999-02-26,https://images.igdb.com/igdb/image/upload/t_cover_big/co2ttb.jpg,high,IGDB正式名・別名の完全一致候補が1件
Bloodborne,bloodborne,Bloodborne,7334,7334,2015-03-24,https://images.igdb.com/igdb/image/upload/t_cover_big/cob99l.jpg,high,IGDB正式名・別名の完全一致候補が1件
Blue Archive,bluearchive,Blue Archive,139391,139391,2021-02-04,https://images.igdb.com/igdb/image/upload/t_cover_big/coaat2.jpg,high,IGDB正式名・別名の完全一致候補が1件
Bravely Default,bravelydefault,Bravely Default,4700,4700,2013-12-05,https://images.igdb.com/igdb/image/upload/t_cover_big/co25nj.jpg,high,IGDB正式名・別名の完全一致候補が1件
Bravely Second: End Layer,bravelysecondendlayer,Bravely Second: End Layer,11256,11256,2015-04-23,https://images.igdb.com/igdb/image/upload/t_cover_big/cobcnw.jpg,high,IGDB正式名・別名の完全一致候補が1件
Castlevania III: Dracula's Curse,castlevaniaiiidraculascurse,Castlevania III: Dracula's Curse,1119,1119,1990-09-01,https://images.igdb.com/igdb/image/upload/t_cover_big/coba2s.jpg,high,IGDB正式名・別名の完全一致候補が1件
Castlevania: Aria of Sorrow,castlevaniaariaofsorrow,Castlevania: Aria of Sorrow,1134,1134,2003-05-06,https://images.igdb.com/igdb/image/upload/t_cover_big/cob947.jpg,medium,同名候補4件。無印タイトルのため最初期リリースを候補化（remake/remasterは統合しない）
Castlevania: Symphony of the Night,castlevaniasymphonyofthenight,Castlevania: Symphony of the Night,1128,1128,1997-03-20,https://images.igdb.com/igdb/image/upload/t_cover_big/co53m8.jpg,medium,同名候補6件。無印タイトルのため最初期リリースを候補化（remake/remasterは統合しない）
Celeste,celeste,Celeste,26226,26226,2018-01-25,https://images.igdb.com/igdb/image/upload/t_cover_big/cob9dh.jpg,high,IGDB正式名・別名の完全一致候補が1件
Chrono Cross,chronocross,Chrono Cross,1804,1804,1999-11-18,https://images.igdb.com/igdb/image/upload/t_cover_big/co1oj7.jpg,medium,同名候補2件。無印タイトルのため最初期リリースを候補化（remake/remasterは統合しない）
Chrono Trigger,chronotrigger,Chrono Trigger,1802,1802,1995-03-11,https://images.igdb.com/igdb/image/upload/t_cover_big/co3plw.jpg,medium,同名候補7件。無印タイトルのため最初期リリースを候補化（remake/remasterは統合しない）
Chunithm,chunithm,CHUNITHM,56388,56388,2015-07-16,https://images.igdb.com/igdb/image/upload/t_cover_big/co2s6l.jpg,medium,同名候補3件。無印タイトルのため最初期リリースを候補化（remake/remasterは統合しない）
Clair Obscur: Expedition 33,clairobscurexpedition33,Clair Obscur: Expedition 33,305152,305152,2025-04-24,https://images.igdb.com/igdb/image/upload/t_cover_big/co9gam.jpg,high,IGDB正式名・別名の完全一致候補が1件
Cuphead,cuphead,Cuphead,9061,9061,2017-09-29,https://images.igdb.com/igdb/image/upload/t_cover_big/co62ao.jpg,medium,同名候補2件。無印タイトルのため最初期リリースを候補化（remake/remasterは統合しない）
Cyberpunk 2077,cyberpunk2077,Cyberpunk 2077,1877,1877,2020-12-10,https://images.igdb.com/igdb/image/upload/t_cover_big/coaih8.jpg,high,IGDB正式名・別名の完全一致候補が1件
Dark Souls,darksouls,Dark Souls,2155,2155,2011-09-22,https://images.igdb.com/igdb/image/upload/t_cover_big/co1x78.jpg,high,IGDB正式名・別名の完全一致候補が1件
Dark Souls II,darksoulsii,Dark Souls II,2368,2368,2014-03-11,https://images.igdb.com/igdb/image/upload/t_cover_big/cobysr.jpg,high,IGDB正式名・別名の完全一致候補が1件
Dark Souls III,darksoulsiii,Dark Souls III,11133,11133,2016-03-24,https://images.igdb.com/igdb/image/upload/t_cover_big/cob9ed.jpg,high,IGDB正式名・別名の完全一致候補が1件
Dead Cells,deadcells,Dead Cells,26855,26855,2018-08-06,https://images.igdb.com/igdb/image/upload/t_cover_big/co7jfv.jpg,high,IGDB正式名・別名の完全一致候補が1件
Death Stranding,deathstranding,Death Stranding,19564,19564,2019-11-08,https://images.igdb.com/igdb/image/upload/t_cover_big/cocsvh.jpg,high,IGDB正式名・別名の完全一致候補が1件
Death Stranding 2: On the Beach,deathstranding2onthebeach,Death Stranding 2: On the Beach,228530,228530,2025-06-26,https://images.igdb.com/igdb/image/upload/t_cover_big/co9ipx.jpg,high,IGDB正式名・別名の完全一致候補が1件
Deltarune,deltarune,Deltarune,171233,171233,2025-06-04,https://images.igdb.com/igdb/image/upload/t_cover_big/co9m71.jpg,high,IGDB正式名・別名の完全一致候補が1件
Devil May Cry,devilmaycry,Devil May Cry,134,134,2001-08-23,https://images.igdb.com/igdb/image/upload/t_cover_big/co9ck7.jpg,medium,同名候補5件。無印タイトルのため最初期リリースを候補化（remake/remasterは統合しない）
Devil May Cry 3: Dante's Awakening,devilmaycry3dantesawakening,Devil May Cry 3: Dante's Awakening,136,136,2005-02-17,https://images.igdb.com/igdb/image/upload/t_cover_big/co1u6u.jpg,high,IGDB正式名・別名の完全一致候補が1件
Devil May Cry 4,devilmaycry4,Devil May Cry 4,112,112,2008-01-31,https://images.igdb.com/igdb/image/upload/t_cover_big/co1u6n.jpg,medium,同名候補2件。無印タイトルのため最初期リリースを候補化（remake/remasterは統合しない）
Disco Elysium,discoelysium,Disco Elysium,26472,26472,2019-10-15,https://images.igdb.com/igdb/image/upload/t_cover_big/co1sfj.jpg,medium,同名候補3件。無印タイトルのため最初期リリースを候補化（remake/remasterは統合しない）
DmC: Devil May Cry,dmcdevilmaycry,Devil May Cry 5,1254,1254,2013-01-15,https://images.igdb.com/igdb/image/upload/t_cover_big/co1u77.jpg,medium,同名候補2件。無印タイトルのため最初期リリースを候補化（remake/remasterは統合しない）
Donkey Kong Country,donkeykongcountry,Donkey Kong Country,1090,1090,1994-11-18,https://images.igdb.com/igdb/image/upload/t_cover_big/co70qn.jpg,medium,同名候補4件。無印タイトルのため最初期リリースを候補化（remake/remasterは統合しない）
Donkey Kong Country 2: Diddy's Kong Quest,donkeykongcountry2diddyskongquest,Donkey Kong Country 2: Diddy's Kong Quest,1092,1092,1995-11-21,https://images.igdb.com/igdb/image/upload/t_cover_big/co217m.jpg,high,IGDB正式名・別名の完全一致候補が1件
Donkey Kong Country: Tropical Freeze,donkeykongcountrytropicalfreeze,Donkey Kong Country: Tropical Freeze,2923,2923,2014-02-13,https://images.igdb.com/igdb/image/upload/t_cover_big/co1wf2.jpg,medium,同名候補2件。無印タイトルのため最初期リリースを候補化（remake/remasterは統合しない）
Doom (1993),doom1993,Doom,673,673,1993-12-10,https://images.igdb.com/igdb/image/upload/t_cover_big/co5rav.jpg,high,At Doom's Gateは1993年原作収録。2016年版とは別logical game
Doom (2016),doom2016,DOOM (2016),7351,7351,2016-05-12,https://images.igdb.com/igdb/image/upload/t_cover_big/co1nc7.jpg,high,年指定により2016年版を確定。1993年原作とは別logical game
Doom Eternal,doometernal,DOOM Eternal,103298,103298,2020-03-19,https://images.igdb.com/igdb/image/upload/t_cover_big/co3p5n.jpg,high,IGDB正式名・別名の完全一致候補が1件
Dragon Quest V: Tenkuu no Hanayome,dragonquestvtenkuunohanayome,Dragon Quest V,205595,205595,1992-09-27,https://images.igdb.com/igdb/image/upload/t_cover_big/co4vsl.jpg,medium,同名候補2件。無印タイトルのため最初期リリースを候補化（remake/remasterは統合しない）
Dragon Quest VIII: Journey of the Cursed King,dragonquestviiijourneyofthecursedking,Dragon Quest VIII,1819,1819,2004-11-27,https://images.igdb.com/igdb/image/upload/t_cover_big/co7vf2.jpg,high,2004年PS2原作。3DS expanded game・mobile portとは分離
Dragon Quest XI: Echoes of an Elusive Age,dragonquestxiechoesofanelusiveage,Dragon Quest XI,11667,11667,2017-07-29,https://images.igdb.com/igdb/image/upload/t_cover_big/co1x9d.jpg,high,IGDB正式名・別名の完全一致候補が1件
Dragon Warrior III,dragonwarrioriii,Dragon Quest III,205600,205600,2000-12-08,https://images.igdb.com/igdb/image/upload/t_cover_big/co7vct.jpg,medium,同名候補2件。無印タイトルのため最初期リリースを候補化（remake/remasterは統合しない）
Dragon Warrior IV,dragonwarrioriv,Dragon Quest IV,16584,16584,1990-02-11,https://images.igdb.com/igdb/image/upload/t_cover_big/co7trb.jpg,medium,同名候補3件。無印タイトルのため最初期リリースを候補化（remake/remasterは統合しない）
Earthbound,earthbound,EarthBound,78559,78559,1983-12-31,https://images.igdb.com/igdb/image/upload/t_cover_big/udoqdu91vczupvadieku.jpg,medium,同名候補3件。無印タイトルのため最初期リリースを候補化（remake/remasterは統合しない）
Elden Ring,eldenring,Elden Ring,119133,119133,2022-02-25,https://images.igdb.com/igdb/image/upload/t_cover_big/co4jni.jpg,high,IGDB正式名・別名の完全一致候補が1件
Elden Ring: Shadow of the Erdtree,eldenringshadowoftheerdtree,Elden Ring: Shadow of the Erdtree,240009,240009,2024-06-21,https://images.igdb.com/igdb/image/upload/t_cover_big/co7sly.jpg,high,IGDB正式名・別名の完全一致候補が1件
F-Zero,fzero,F-Zero,3490,3490,1990-11-21,https://images.igdb.com/igdb/image/upload/t_cover_big/co6ufz.jpg,high,IGDB正式名・別名の完全一致候補が1件
F-Zero GX,fzerogx,F-Zero GX,3492,3492,2003-07-25,https://images.igdb.com/igdb/image/upload/t_cover_big/co525x.jpg,high,IGDB正式名・別名の完全一致候補が1件
Fate/Grand Order,fategrandorder,Fate/Grand Order,24493,24493,2015-07-30,https://images.igdb.com/igdb/image/upload/t_cover_big/co1qq4.jpg,high,IGDB正式名・別名の完全一致候補が1件
Final Fantasy,finalfantasy,Final Fantasy I,385,385,1987-12-18,https://images.igdb.com/igdb/image/upload/t_cover_big/co2xv8.jpg,high,IGDB正式名・別名の完全一致候補が1件
Final Fantasy II,finalfantasyii,Final Fantasy II,16474,16474,1988-12-17,https://images.igdb.com/igdb/image/upload/t_cover_big/co2xx4.jpg,medium,同名候補10件。無印タイトルのため最初期リリースを候補化（remake/remasterは統合しない）
Final Fantasy III,finalfantasyiii,Final Fantasy III,77234,77234,1990-04-27,https://images.igdb.com/igdb/image/upload/t_cover_big/co2127.jpg,high,1990年FC原作。IGDB 426は北米でFinal Fantasy IIIと呼ばれたFFVIのため除外
Final Fantasy IV,finalfantasyiv,Final Fantasy IV,16587,16587,1991-07-19,https://images.igdb.com/igdb/image/upload/t_cover_big/co31c0.jpg,medium,同名候補10件。無印タイトルのため最初期リリースを候補化（remake/remasterは統合しない）
Final Fantasy IX,finalfantasyix,Final Fantasy IX,421,421,2000-07-07,https://images.igdb.com/igdb/image/upload/t_cover_big/co2unc.jpg,medium,同名候補4件。無印タイトルのため最初期リリースを候補化（remake/remasterは統合しない）
Final Fantasy V,finalfantasyv,Final Fantasy V,419,419,1992-12-06,https://images.igdb.com/igdb/image/upload/t_cover_big/co9p6d.jpg,medium,同名候補6件。無印タイトルのため最初期リリースを候補化（remake/remasterは統合しない）
Final Fantasy VII,finalfantasyvii,Final Fantasy VII,393025,393025,1997-01-31,https://images.igdb.com/igdb/image/upload/t_cover_big/cobny6.jpg,medium,同名候補10件。無印タイトルのため最初期リリースを候補化（remake/remasterは統合しない）
Final Fantasy VII Rebirth,finalfantasyviirebirth,Final Fantasy VII Rebirth,133236,133236,2024-02-29,https://images.igdb.com/igdb/image/upload/t_cover_big/cob9k6.jpg,high,IGDB正式名・別名の完全一致候補が1件
Final Fantasy VII Remake,finalfantasyviiremake,Final Fantasy VII Remake,11169,11169,2020-04-10,https://images.igdb.com/igdb/image/upload/t_cover_big/cobcwt.jpg,high,IGDB正式名・別名の完全一致候補が1件
Final Fantasy VIII,finalfantasyviii,Final Fantasy VIII,425,425,1999-02-11,https://images.igdb.com/igdb/image/upload/t_cover_big/co2z7d.jpg,medium,同名候補5件。無印タイトルのため最初期リリースを候補化（remake/remasterは統合しない）
Final Fantasy X,finalfantasyx,Final Fantasy X,418,418,2001-07-19,https://images.igdb.com/igdb/image/upload/t_cover_big/co1tr1.jpg,medium,同名候補2件。無印タイトルのため最初期リリースを候補化（remake/remasterは統合しない）
Final Fantasy XII,finalfantasyxii,Final Fantasy XII,398,398,2006-03-16,https://images.igdb.com/igdb/image/upload/t_cover_big/co3rhx.jpg,high,IGDB正式名・別名の完全一致候補が1件
Final Fantasy XIII,finalfantasyxiii,Final Fantasy XIII,389,389,2009-12-17,https://images.igdb.com/igdb/image/upload/t_cover_big/coboys.jpg,high,IGDB正式名・別名の完全一致候補が1件
Final Fantasy XIV: Endwalker,finalfantasyxivendwalker,Final Fantasy XIV Online,143232,143232,2021-12-07,https://images.igdb.com/igdb/image/upload/t_cover_big/cobjgf.jpg,high,FootfallsとClose in the DistanceはいずれもEndwalker収録。base gameへ統合せずExpansionとして分離
Final Fantasy XV,finalfantasyxv,Final Fantasy XV,359,359,2016-11-29,https://images.igdb.com/igdb/image/upload/t_cover_big/co6nz1.jpg,high,IGDB正式名・別名の完全一致候補が1件
Final Fantasy XVI,finalfantasyxvi,Final Fantasy XVI,31551,31551,2023-06-22,https://images.igdb.com/igdb/image/upload/t_cover_big/cobd9i.jpg,high,IGDB正式名・別名の完全一致候補が1件
Fire Emblem Awakening,fireemblemawakening,Fire Emblem Awakening,1443,1443,2012-04-19,https://images.igdb.com/igdb/image/upload/t_cover_big/cobcko.jpg,high,IGDB正式名・別名の完全一致候補が1件
Fire Emblem Engage,fireemblemengage,Fire Emblem Engage,217550,217550,2023-01-20,https://images.igdb.com/igdb/image/upload/t_cover_big/coc5d3.jpg,high,IGDB正式名・別名の完全一致候補が1件
Fire Emblem Fates: Special Edition,fireemblemfatesspecialedition,Fire Emblem Fates,10229,10229,2016-02-19,https://images.igdb.com/igdb/image/upload/t_cover_big/coccg3.jpg,high,IGDB正式名・別名の完全一致候補が1件
Fire Emblem: Path of Radiance,fireemblempathofradiance,Fire Emblem: Path of Radiance,1441,1441,2005-04-20,https://images.igdb.com/igdb/image/upload/t_cover_big/co1ofh.jpg,high,IGDB正式名・別名の完全一致候補が1件
Fire Emblem: Radiant Dawn,fireemblemradiantdawn,Fire Emblem: Radiant Dawn,1442,1442,2007-02-22,https://images.igdb.com/igdb/image/upload/t_cover_big/cobb09.jpg,high,IGDB正式名・別名の完全一致候補が1件
Fire Emblem: The Blazing Blade,fireemblemtheblazingblade,Fire Emblem: The Blazing Blade,1439,1439,2003-04-25,https://images.igdb.com/igdb/image/upload/t_cover_big/cobbmr.jpg,high,IGDB 1439『Fire Emblem』の別名『The Blazing Blade』『Rekka no Ken』から確定
Fire Emblem: The Sacred Stones,fireemblemthesacredstones,Fire Emblem: The Sacred Stones,1440,1440,2004-10-07,https://images.igdb.com/igdb/image/upload/t_cover_big/co25q4.jpg,high,IGDB正式名・別名の完全一致候補が1件
Fire Emblem: Three Houses,fireemblemthreehouses,Fire Emblem: Three Houses,26845,26845,2019-07-26,https://images.igdb.com/igdb/image/upload/t_cover_big/co1n8t.jpg,high,IGDB正式名・別名の完全一致候補が1件
Genshin Impact,genshinimpact,Genshin Impact,119277,119277,2020-09-28,https://images.igdb.com/igdb/image/upload/t_cover_big/coa9dy.jpg,high,IGDB正式名・別名の完全一致候補が1件
Ghost of Tsushima,ghostoftsushima,Ghost of Tsushima,75235,75235,2020-07-17,https://images.igdb.com/igdb/image/upload/t_cover_big/co2crj.jpg,high,IGDB正式名・別名の完全一致候補が1件
Ghost of Yotei,ghostofyotei,Ghost of Yōtei,317627,317627,2025-10-02,https://images.igdb.com/igdb/image/upload/t_cover_big/co9coo.jpg,high,IGDB正式名・別名の完全一致候補が1件
God of War,godofwar,God of War (2018),19560,19560,2018-04-20,https://images.igdb.com/igdb/image/upload/t_cover_big/cobkt6.jpg,high,年指定により2018年版を確定
God of War Ragnarök,godofwarragnarok,God of War Ragnarök,112875,112875,2022-11-09,https://images.igdb.com/igdb/image/upload/t_cover_big/coba3d.jpg,high,IGDB正式名・別名の完全一致候補が1件
Goddess of Victory: Nikke,goddessofvictorynikke,Goddess of Victory: Nikke,117199,117199,2022-11-04,https://images.igdb.com/igdb/image/upload/t_cover_big/co4z90.jpg,high,IGDB正式名・別名の完全一致候補が1件
Granblue Fantasy,granbluefantasy,Granblue Fantasy,13623,13623,2014-03-10,https://images.igdb.com/igdb/image/upload/t_cover_big/cocrun.jpg,high,IGDB正式名・別名の完全一致候補が1件
Grand Theft Auto V,grandtheftautov,Grand Theft Auto V,1020,1020,2013-09-17,https://images.igdb.com/igdb/image/upload/t_cover_big/co2lbd.jpg,high,IGDB正式名・別名の完全一致候補が1件
Grand Theft Auto: San Andreas,grandtheftautosanandreas,Grand Theft Auto: San Andreas,732,732,2004-10-26,https://images.igdb.com/igdb/image/upload/t_cover_big/co2lb9.jpg,high,IGDB正式名・別名の完全一致候補が1件
Hades,hades,Hades,80529,80529,1995-05-01,https://images.igdb.com/igdb/image/upload/t_cover_big/co4rs3.jpg,medium,同名候補2件。無印タイトルのため最初期リリースを候補化（remake/remasterは統合しない）
Hades II,hadesii,Hades II,228525,228525,2025-09-25,https://images.igdb.com/igdb/image/upload/t_cover_big/coaknx.jpg,high,IGDB正式名・別名の完全一致候補が1件
Half-Life 2,halflife2,Half-Life 2,233,233,2004-11-16,https://images.igdb.com/igdb/image/upload/t_cover_big/co1nmw.jpg,high,IGDB正式名・別名の完全一致候補が1件
Halo 2,halo2,Halo 2,986,986,2004-11-09,https://images.igdb.com/igdb/image/upload/t_cover_big/co1x77.jpg,high,IGDB正式名・別名の完全一致候補が1件
Halo 3,halo3,Halo 3,987,987,2007-09-25,https://images.igdb.com/igdb/image/upload/t_cover_big/co1xhc.jpg,high,IGDB正式名・別名の完全一致候補が1件
Halo: Combat Evolved,halocombatevolved,Halo: Combat Evolved,740,740,2001-11-15,https://images.igdb.com/igdb/image/upload/t_cover_big/co2r2r.jpg,high,IGDB正式名・別名の完全一致候補が1件
Hatsune Miku: Colorful Stage!,hatsunemikucolorfulstage,Project SEKAI COLORFUL STAGE!,139134,139134,2020-09-30,https://images.igdb.com/igdb/image/upload/t_cover_big/cob2qx.jpg,high,IGDB別名『Project SEKAI COLORFUL STAGE! feat. Hatsune Miku』と一致
Hatsune Miku: Project Diva,hatsunemikuprojectdiva,Hatsune Miku: Project DIVA,11754,11754,2009-07-02,https://images.igdb.com/igdb/image/upload/t_cover_big/coafqb.jpg,high,IGDB正式名・別名の完全一致候補が1件
Heaven Burns Red,heavenburnsred,HEAVEN BURNS RED,132099,132099,2022-02-10,https://images.igdb.com/igdb/image/upload/t_cover_big/co5025.jpg,high,IGDB正式名・別名の完全一致候補が1件
Hollow Knight,hollowknight,Hollow Knight,14593,14593,2017-02-24,https://images.igdb.com/igdb/image/upload/t_cover_big/cobfzp.jpg,high,IGDB正式名・別名の完全一致候補が1件
Hollow Knight Silksong,hollowknightsilksong,Hollow Knight: Silksong,372563,372563,2021-07-28,https://images.igdb.com/igdb/image/upload/t_cover_big/coaob9.jpg,medium,同名候補2件。無印タイトルのため最初期リリースを候補化（remake/remasterは統合しない）
Horizon Forbidden West,horizonforbiddenwest,Horizon Forbidden West,112874,112874,2022-02-18,https://images.igdb.com/igdb/image/upload/t_cover_big/co2gvu.jpg,high,IGDB正式名・別名の完全一致候補が1件
Horizon Zero Dawn,horizonzerodawn,Horizon Zero Dawn,11156,11156,2017-02-28,https://images.igdb.com/igdb/image/upload/t_cover_big/co2una.jpg,high,IGDB正式名・別名の完全一致候補が1件
Hyper Light Drifter,hyperlightdrifter,Hyper Light Drifter,9806,9806,2016-03-31,https://images.igdb.com/igdb/image/upload/t_cover_big/co2edn.jpg,high,IGDB正式名・別名の完全一致候補が1件
Inscryption,inscryption,Inscryption,139090,139090,2021-10-19,https://images.igdb.com/igdb/image/upload/t_cover_big/co401c.jpg,high,IGDB正式名・別名の完全一致候補が1件
Jet Set Radio,jetsetradio,Jet Set Radio,398453,398453,2000-06-29,https://images.igdb.com/igdb/image/upload/t_cover_big/cobxjl.jpg,medium,同名候補5件。無印タイトルのため最初期リリースを候補化（remake/remasterは統合しない）
Jet Set Radio Future,jetsetradiofuture,Jet Set Radio Future,1570,1570,2002-02-22,https://images.igdb.com/igdb/image/upload/t_cover_big/co87hw.jpg,high,IGDB正式名・別名の完全一致候補が1件
Jubeat,jubeat,jubeat,79960,79960,2008-07-24,https://images.igdb.com/igdb/image/upload/t_cover_big/coadj7.jpg,medium,同名候補2件。無印タイトルのため最初期リリースを候補化（remake/remasterは統合しない）
Katana Zero,katanazero,Katana ZERO,20150,20150,2019-04-18,https://images.igdb.com/igdb/image/upload/t_cover_big/co1isp.jpg,high,IGDB正式名・別名の完全一致候補が1件
Kingdom Hearts,kingdomhearts,Kingdom Hearts,393742,393742,2002-03-28,https://images.igdb.com/igdb/image/upload/t_cover_big/cobphh.jpg,medium,同名候補3件。無印タイトルのため最初期リリースを候補化（remake/remasterは統合しない）
Kingdom Hearts II,kingdomheartsii,Kingdom Hearts II,1221,1221,2005-12-22,https://images.igdb.com/igdb/image/upload/t_cover_big/co30t1.jpg,high,IGDB正式名・別名の完全一致候補が1件
Kingdom Hearts III,kingdomheartsiii,Kingdom Hearts III,2933,2933,2019-01-25,https://images.igdb.com/igdb/image/upload/t_cover_big/co1tpy.jpg,high,IGDB正式名・別名の完全一致候補が1件
Kirby 64: The Crystal Shards,kirby64thecrystalshards,Kirby 64: The Crystal Shards,2713,2713,2000-03-24,https://images.igdb.com/igdb/image/upload/t_cover_big/co1wcz.jpg,high,IGDB正式名・別名の完全一致候補が1件
Kirby and the Forgotten Land,kirbyandtheforgottenland,Kirby and the Forgotten Land,172427,172427,2022-03-25,https://images.igdb.com/igdb/image/upload/t_cover_big/co3vlw.jpg,medium,同名候補2件。無印タイトルのため最初期リリースを候補化（remake/remasterは統合しない）
Kirby Star Allies,kirbystarallies,Kirby Star Allies,37137,37137,2018-03-16,https://images.igdb.com/igdb/image/upload/t_cover_big/co8ezz.jpg,high,IGDB正式名・別名の完全一致候補が1件
Kirby Super Star,kirbysuperstar,Kirby Super Star,3719,3719,1996-03-21,https://images.igdb.com/igdb/image/upload/t_cover_big/co4qyi.jpg,high,IGDB正式名・別名の完全一致候補が1件
Kirby: Planet Robobot,kirbyplanetrobobot,Kirby: Planet Robobot,18221,18221,2016-04-28,https://images.igdb.com/igdb/image/upload/t_cover_big/cobcm6.jpg,high,IGDB正式名・別名の完全一致候補が1件
Kirby: Triple Deluxe,kirbytripledeluxe,Kirby: Triple Deluxe,5440,5440,2014-01-11,https://images.igdb.com/igdb/image/upload/t_cover_big/co1q9m.jpg,high,IGDB正式名・別名の完全一致候補が1件
Kirby's Adventure,kirbysadventure,Kirby's Adventure,3717,3717,1993-03-23,https://images.igdb.com/igdb/image/upload/t_cover_big/coba3x.jpg,high,IGDB正式名・別名の完全一致候補が1件
Kirby's Dream Land,kirbysdreamland,Kirby's Dream Land,1063,1063,1992-04-27,https://images.igdb.com/igdb/image/upload/t_cover_big/co3ffy.jpg,medium,同名候補2件。無印タイトルのため最初期リリースを候補化（remake/remasterは統合しない）
Kirby's Return to Dream Land,kirbysreturntodreamland,Kirby's Return to Dream Land,3725,3725,2011-10-24,https://images.igdb.com/igdb/image/upload/t_cover_big/coba1d.jpg,high,IGDB正式名・別名の完全一致候補が1件
Like a Dragon: Infinite Wealth - Master Vacation Bundle,likeadragoninfinitewealthmastervacationbundle,Like a Dragon: Infinite Wealth,288217,288217,2024-01-24,https://images.igdb.com/igdb/image/upload/t_cover_big/co9s3j.jpg,medium,同名候補2件。無印タイトルのため最初期リリースを候補化（remake/remasterは統合しない）
Limbus Company,limbuscompany,Limbus Company,194106,194106,2023-02-27,https://images.igdb.com/igdb/image/upload/t_cover_big/co630b.jpg,high,IGDB正式名・別名の完全一致候補が1件
Live A Live,livealive,Live A Live,15835,15835,1994-09-02,https://images.igdb.com/igdb/image/upload/t_cover_big/co2ywe.jpg,medium,同名候補2件。無印タイトルのため最初期リリースを候補化（remake/remasterは統合しない）
Love Live! School Idol Festival,loveliveschoolidolfestival,Love Live! School Idol Festival,36660,36660,2013-04-16,https://images.igdb.com/igdb/image/upload/t_cover_big/co5y7m.jpg,high,IGDB正式名・別名の完全一致候補が1件
Maimai,maimai,maimai,60813,60813,2012-07-11,https://images.igdb.com/igdb/image/upload/t_cover_big/co30q9.jpg,medium,同名候補2件。無印タイトルのため最初期リリースを候補化（remake/remasterは統合しない）
Mario & Luigi: Bowser's Inside Story,marioluigibowsersinsidestory,Mario & Luigi: Bowser's Inside Story,3363,3363,2009-02-11,https://images.igdb.com/igdb/image/upload/t_cover_big/co21vr.jpg,medium,同名候補2件。無印タイトルのため最初期リリースを候補化（remake/remasterは統合しない）
Mario Kart 64,mariokart64,Mario Kart 64,2342,2342,1996-12-14,https://images.igdb.com/igdb/image/upload/t_cover_big/co67hm.jpg,high,IGDB正式名・別名の完全一致候補が1件
Mario Kart 8 Deluxe,mariokart8deluxe,Mario Kart 8 Deluxe,26764,26764,2017-04-28,https://images.igdb.com/igdb/image/upload/t_cover_big/co213p.jpg,high,IGDB正式名・別名の完全一致候補が1件
Mario Kart Wii,mariokartwii,Mario Kart Wii,2183,2183,2008-04-10,https://images.igdb.com/igdb/image/upload/t_cover_big/co214e.jpg,medium,同名候補2件。無印タイトルのため最初期リリースを候補化（remake/remasterは統合しない）
Mass Effect,masseffect,Mass Effect,73,73,2007-11-20,https://images.igdb.com/igdb/image/upload/t_cover_big/co1x7o.jpg,medium,同名候補4件。無印タイトルのため最初期リリースを候補化（remake/remasterは統合しない）
Mass Effect 2,masseffect2,Mass Effect 2,74,74,2010-01-26,https://images.igdb.com/igdb/image/upload/t_cover_big/co20ac.jpg,medium,同名候補2件。無印タイトルのため最初期リリースを候補化（remake/remasterは統合しない）
Mega Man 2,megaman2,Mega Man 2,1715,1715,1989-06-02,https://images.igdb.com/igdb/image/upload/t_cover_big/co5x42.jpg,medium,同名候補4件。無印タイトルのため最初期リリースを候補化（remake/remasterは統合しない）
Mega Man 3,megaman3,Mega Man 3,1716,1716,1990-09-28,https://images.igdb.com/igdb/image/upload/t_cover_big/co55ce.jpg,medium,同名候補4件。無印タイトルのため最初期リリースを候補化（remake/remasterは統合しない）
Mega Man X,megamanx,Mega Man X,1741,1741,1993-12-17,https://images.igdb.com/igdb/image/upload/t_cover_big/co3tu2.jpg,medium,同名候補2件。無印タイトルのため最初期リリースを候補化（remake/remasterは統合しない）
Mega Man X4,megamanx4,Mega Man X4,1744,1744,1997-08-01,https://images.igdb.com/igdb/image/upload/t_cover_big/coar91.jpg,high,IGDB正式名・別名の完全一致候補が1件
Metal Gear Rising: Revengeance,metalgearrisingrevengeance,Metal Gear Rising: Revengeance,378,378,2013-02-19,https://images.igdb.com/igdb/image/upload/t_cover_big/co2l1t.jpg,high,IGDB正式名・別名の完全一致候補が1件
Metal Gear Solid,metalgearsolid,Metal Gear Solid,375,375,1998-09-03,https://images.igdb.com/igdb/image/upload/t_cover_big/cobpak.jpg,medium,同名候補4件。無印タイトルのため最初期リリースを候補化（remake/remasterは統合しない）
Metal Gear Solid 2: Sons of Liberty,metalgearsolid2sonsofliberty,Metal Gear Solid 2: Sons of Liberty,376,376,2001-11-13,https://images.igdb.com/igdb/image/upload/t_cover_big/co5e1c.jpg,high,IGDB正式名・別名の完全一致候補が1件
Metal Gear Solid 3: Snake Eater,metalgearsolid3snakeeater,Metal Gear Solid 3: Snake Eater,379,379,2004-11-17,https://images.igdb.com/igdb/image/upload/t_cover_big/co5ei5.jpg,high,IGDB正式名・別名の完全一致候補が1件
Metal Gear Solid 4: Guns of the Patriots,metalgearsolid4gunsofthepatriots,Metal Gear Solid 4: Guns of the Patriots,380,380,2008-06-12,https://images.igdb.com/igdb/image/upload/t_cover_big/co5eju.jpg,high,IGDB正式名・別名の完全一致候補が1件
Metaphor: ReFantazio,metaphorrefantazio,Metaphor: ReFantazio,26602,26602,2024-10-11,https://images.igdb.com/igdb/image/upload/t_cover_big/co8d9t.jpg,high,IGDB正式名・別名の完全一致候補が1件
Metroid Dread,metroiddread,Metroid Dread,15698,15698,2021-10-07,https://images.igdb.com/igdb/image/upload/t_cover_big/coba9g.jpg,medium,同名候補3件。無印タイトルのため最初期リリースを候補化（remake/remasterは統合しない）
Metroid Prime,metroidprime,Metroid Prime,1105,1105,2002-11-17,https://images.igdb.com/igdb/image/upload/t_cover_big/co3w4w.jpg,medium,同名候補3件。無印タイトルのため最初期リリースを候補化（remake/remasterは統合しない）
Minecraft,minecraft,Minecraft,135400,135400,2016-12-19,https://images.igdb.com/igdb/image/upload/t_cover_big/co8fu7.jpg,high,IGDB正式名・別名の完全一致候補が1件
Minecraft: Java Edition,minecraftjavaedition,Minecraft: Java Edition,121,121,2011-11-18,https://images.igdb.com/igdb/image/upload/t_cover_big/coa77e.jpg,high,IGDB正式名・別名の完全一致候補が1件
Monster Hunter 2,monsterhunter2,Monster Hunter 2,43668,43668,2006-02-16,https://images.igdb.com/igdb/image/upload/t_cover_big/co56p6.jpg,high,IGDB正式名・別名の完全一致候補が1件
Monster Hunter 4,monsterhunter4,Monster Hunter 4,65676,65676,2013-09-14,https://images.igdb.com/igdb/image/upload/t_cover_big/coaxow.jpg,high,IGDB正式名・別名の完全一致候補が1件
Monster Hunter Freedom Unite,monsterhunterfreedomunite,Monster Hunter Freedom Unite,20427,20427,2008-03-27,https://images.igdb.com/igdb/image/upload/t_cover_big/cocpe7.jpg,high,IGDB正式名・別名の完全一致候補が1件
Monster Hunter Generations Ultimate,monsterhuntergenerationsultimate,Monster Hunter Generations Ultimate,25623,25623,2017-03-18,https://images.igdb.com/igdb/image/upload/t_cover_big/m0l4ma2qdh7z2m5o6m5l.jpg,high,IGDB正式名・別名の完全一致候補が1件
Monster Hunter Rise,monsterhunterrise,Monster Hunter Rise,138950,138950,2021-03-26,https://images.igdb.com/igdb/image/upload/t_cover_big/co3uzk.jpg,high,IGDB正式名・別名の完全一致候補が1件
Monster Hunter Rise: Sunbreak,monsterhunterrisesunbreak,Monster Hunter Rise: Sunbreak,172425,172425,2022-06-29,https://images.igdb.com/igdb/image/upload/t_cover_big/cob3ct.jpg,high,IGDB正式名・別名の完全一致候補が1件
Monster Hunter Tri,monsterhuntertri,Monster Hunter 3,2268,2268,2009-08-01,https://images.igdb.com/igdb/image/upload/t_cover_big/co2ssf.jpg,high,IGDB別名『Monster Hunter 3 (tri-)』『モンスターハンター3』から原作を確定。3 Ultimateとは分離
Monster Hunter Wilds,monsterhunterwilds,Monster Hunter Wilds,279661,279661,2025-02-28,https://images.igdb.com/igdb/image/upload/t_cover_big/co904o.jpg,high,IGDB正式名・別名の完全一致候補が1件
Monster Hunter: World - Iceborne,monsterhunterworldiceborne,Monster Hunter: World - Iceborne,113344,113344,2019-09-06,https://images.igdb.com/igdb/image/upload/t_cover_big/co1pds.jpg,high,IGDB正式名・別名の完全一致候補が1件
Mother 3,mother3,Mother 3,3683,3683,2006-04-20,https://images.igdb.com/igdb/image/upload/t_cover_big/coa3qi.jpg,medium,同名候補2件。無印タイトルのため最初期リリースを候補化（remake/remasterは統合しない）
NEO: The World Ends with You,neotheworldendswithyou,NEO: The World Ends with You,141192,141192,2021-07-26,https://images.igdb.com/igdb/image/upload/t_cover_big/co8kzv.jpg,high,IGDB正式名・別名の完全一致候補が1件
Nier Replicant,nierreplicant,NieR Replicant,80468,80468,2010-04-22,https://images.igdb.com/igdb/image/upload/t_cover_big/coayqc.jpg,high,IGDB正式名・別名の完全一致候補が1件
NieR: Automata,nierautomata,NieR: Automata,11208,11208,2017-02-23,https://images.igdb.com/igdb/image/upload/t_cover_big/co5pcj.jpg,high,IGDB正式名・別名の完全一致候補が1件
Nights Into Dreams...,nightsintodreams,NiGHTS into Dreams...,5075,5075,1996-07-05,https://images.igdb.com/igdb/image/upload/t_cover_big/co2n17.jpg,medium,同名候補4件。無印タイトルのため最初期リリースを候補化（remake/remasterは統合しない）
Octopath Traveler,octopathtraveler,Octopath Traveler,26765,26765,2018-07-13,https://images.igdb.com/igdb/image/upload/t_cover_big/cocj93.jpg,high,IGDB正式名・別名の完全一致候補が1件
Octopath Traveler II,octopathtravelerii,Octopath Traveler II,217554,217554,2023-02-24,https://images.igdb.com/igdb/image/upload/t_cover_big/co7ds7.jpg,high,IGDB正式名・別名の完全一致候補が1件
Ōkami,okami,Ōkami,1271,1271,2006-04-20,https://images.igdb.com/igdb/image/upload/t_cover_big/co3mpk.jpg,high,IGDB正式名・別名の完全一致候補が1件
Omori,omori,OMORI,26673,26673,2020-12-25,https://images.igdb.com/igdb/image/upload/t_cover_big/co1xlp.jpg,high,IGDB正式名・別名の完全一致候補が1件
OneShot,oneshot,OneShot,225565,225565,2014-06-30,https://images.igdb.com/igdb/image/upload/t_cover_big/co5rp6.jpg,medium,同名候補3件。無印タイトルのため最初期リリースを候補化（remake/remasterは統合しない）
Ori and the Blind Forest,oriandtheblindforest,Ori and the Blind Forest,7344,7344,2015-03-11,https://images.igdb.com/igdb/image/upload/t_cover_big/co1y41.jpg,high,IGDB正式名・別名の完全一致候補が1件
Ori and the Will of the Wisps,oriandthewillofthewisps,Ori and the Will of the Wisps,37001,37001,2020-03-10,https://images.igdb.com/igdb/image/upload/t_cover_big/cocjl7.jpg,high,IGDB正式名・別名の完全一致候補が1件
Paper Mario,papermario,Paper Mario,3340,3340,2000-08-11,https://images.igdb.com/igdb/image/upload/t_cover_big/co1qda.jpg,medium,同名候補2件。無印タイトルのため最初期リリースを候補化（remake/remasterは統合しない）
Paper Mario: The Thousand-Year Door,papermariothethousandyeardoor,Paper Mario: The Thousand-Year Door,3349,3349,2004-07-22,https://images.igdb.com/igdb/image/upload/t_cover_big/co25us.jpg,medium,同名候補3件。無印タイトルのため最初期リリースを候補化（remake/remasterは統合しない）
Persona 3,persona3,Persona 3,9577,9577,2006-07-13,https://images.igdb.com/igdb/image/upload/t_cover_big/co5mo6.jpg,high,IGDB正式名・別名の完全一致候補が1件
Persona 3 Reload,persona3reload,Persona 3 Reload,252647,252647,2024-02-02,https://images.igdb.com/igdb/image/upload/t_cover_big/coc4jz.jpg,high,IGDB正式名・別名の完全一致候補が1件
Persona 4,persona4,Persona 4,9600,9600,2008-07-10,https://images.igdb.com/igdb/image/upload/t_cover_big/co1u07.jpg,high,IGDB正式名・別名の完全一致候補が1件
Persona 5,persona5,Persona 5,9927,9927,2016-09-15,https://images.igdb.com/igdb/image/upload/t_cover_big/co1r76.jpg,high,IGDB正式名・別名の完全一致候補が1件
Persona 5 Royal,persona5royal,Persona 5 Royal,114283,114283,2019-10-31,https://images.igdb.com/igdb/image/upload/t_cover_big/coclf1.jpg,high,IGDB正式名・別名の完全一致候補が1件
Pikmin,pikmin,Pikmin,2239,2239,2001-10-26,https://images.igdb.com/igdb/image/upload/t_cover_big/co6nqg.jpg,medium,同名候補2件。無印タイトルのため最初期リリースを候補化（remake/remasterは統合しない）
Pikmin 2,pikmin2,Pikmin 2,2240,2240,2004-04-29,https://images.igdb.com/igdb/image/upload/t_cover_big/co5y6q.jpg,medium,同名候補3件。無印タイトルのため最初期リリースを候補化（remake/remasterは統合しない）
Pizza Tower,pizzatower,Pizza Tower,135818,135818,2023-01-26,https://images.igdb.com/igdb/image/upload/t_cover_big/co5uu1.jpg,high,IGDB正式名・別名の完全一致候補が1件
Pokémon Legends: Arceus,pokemonlegendsarceus,Pokémon Legends: Arceus,144054,144054,2022-01-28,https://images.igdb.com/igdb/image/upload/t_cover_big/co3d03.jpg,high,IGDB正式名・別名の完全一致候補が1件
Pokémon Omega Ruby and Alpha Sapphire,pokemonomegarubyandalphasapphire,Pokémon Omega Ruby and Alpha Sapphire,6897,6897|6898,2014-11-21,https://images.igdb.com/igdb/image/upload/t_cover_big/cocjdd.jpg,high,ペア各版をIGDBで個別照合し、1つのlogical gameに統合する候補
Pokémon Platinum Version,pokemonplatinumversion,Pokémon Platinum,1519,1519,2008-09-13,https://images.igdb.com/igdb/image/upload/t_cover_big/co8gvp.jpg,high,IGDB正式名・別名の完全一致候補が1件
Pokémon Ultra Sun and Ultra Moon,pokemonultrasunandultramoon,Pokémon Ultra Sun and Ultra Moon,36792,36792|36793,2017-11-17,https://images.igdb.com/igdb/image/upload/t_cover_big/co1zjs.jpg,high,ペア各版をIGDBで個別照合し、1つのlogical gameに統合する候補
Pop'n music,popnmusic,pop'n music,186652,186652,1998-09-28,https://images.igdb.com/igdb/image/upload/t_cover_big/co5xwj.jpg,medium,同名候補3件。無印タイトルのため最初期リリースを候補化（remake/remasterは統合しない）
Portal,portal,Portal,14546,14546,1986-11-01,https://images.igdb.com/igdb/image/upload/t_cover_big/co4i78.jpg,medium,同名候補3件。無印タイトルのため最初期リリースを候補化（remake/remasterは統合しない）
Portal 2,portal2,Portal 2,72,72,2011-04-18,https://images.igdb.com/igdb/image/upload/t_cover_big/co1rs4.jpg,high,IGDB正式名・別名の完全一致候補が1件
Princess Connect! Re:Dive,princessconnectredive,Princess Connect! Re:Dive,22791,22791,2018-02-15,https://images.igdb.com/igdb/image/upload/t_cover_big/co2zh4.jpg,high,IGDB正式名・別名の完全一致候補が1件
Punishing: Gray Raven,punishinggrayraven,Punishing: Gray Raven,132185,132185,2019-12-05,https://images.igdb.com/igdb/image/upload/t_cover_big/coc6hi.jpg,high,IGDB正式名・別名の完全一致候補が1件
Red Dead Redemption 2,reddeadredemption2,Red Dead Redemption 2,25076,25076,2018-10-26,https://images.igdb.com/igdb/image/upload/t_cover_big/co1q1f.jpg,high,IGDB正式名・別名の完全一致候補が1件
Resident Evil 2,residentevil2,Resident Evil 2,880,880,1998-01-21,https://images.igdb.com/igdb/image/upload/t_cover_big/co2vz0.jpg,medium,同名候補8件。無印タイトルのため最初期リリースを候補化（remake/remasterは統合しない）
Resident Evil 4,residentevil4,Resident Evil 4,974,974,2005-01-11,https://images.igdb.com/igdb/image/upload/t_cover_big/co2wk8.jpg,medium,同名候補5件。無印タイトルのため最初期リリースを候補化（remake/remasterは統合しない）
Resident Evil 7: Biohazard,residentevil7biohazard,Resident Evil 7 biohazard,19562,19562,2017-01-24,https://images.igdb.com/igdb/image/upload/t_cover_big/cobtwh.jpg,high,IGDB正式名・別名の完全一致候補が1件
Resident Evil Village,residentevilvillage,Resident Evil Village,55163,55163,2021-05-06,https://images.igdb.com/igdb/image/upload/t_cover_big/coab9q.jpg,high,IGDB正式名・別名の完全一致候補が1件
Risk of Rain 2,riskofrain2,Risk of Rain 2,28512,28512,2020-08-11,https://images.igdb.com/igdb/image/upload/t_cover_big/coaavb.jpg,high,IGDB正式名・別名の完全一致候補が1件
Romancing SaGa 2,romancingsaga2,Romancing SaGa 2,11312,11312,1993-12-10,https://images.igdb.com/igdb/image/upload/t_cover_big/co24oa.jpg,high,IGDB正式名・別名の完全一致候補が1件
Romancing SaGa 3,romancingsaga3,Romancing SaGa 3,11313,11313,1995-11-11,https://images.igdb.com/igdb/image/upload/t_cover_big/co2x8k.jpg,medium,同名候補2件。無印タイトルのため最初期リリースを候補化（remake/remasterは統合しない）
SaGa Frontier,sagafrontier,SaGa Frontier,11310,11310,1997-07-11,https://images.igdb.com/igdb/image/upload/t_cover_big/co2x4z.jpg,high,IGDB正式名・別名の完全一致候補が1件
Secret of Mana,secretofmana,Secret of Mana,3216,3216,1993-08-06,https://images.igdb.com/igdb/image/upload/t_cover_big/co2u6w.jpg,medium,同名候補2件。無印タイトルのため最初期リリースを候補化（remake/remasterは統合しない）
Sekiro: Shadows Die Twice,sekiroshadowsdietwice,Sekiro: Shadows Die Twice,76882,76882,2019-03-22,https://images.igdb.com/igdb/image/upload/t_cover_big/co2a23.jpg,high,IGDB正式名・別名の完全一致候補が1件
Shin Megami Tensei III: Nocturne,shinmegamitenseiiiinocturne,Shin Megami Tensei III: Nocturne,336392,336392,2003-02-20,https://images.igdb.com/igdb/image/upload/t_cover_big/co9klt.jpg,high,IGDB正式名・別名の完全一致候補が1件
Shin Megami Tensei IV,shinmegamitenseiiv,Shin Megami Tensei IV,6886,6886,2013-05-23,https://images.igdb.com/igdb/image/upload/t_cover_big/co1n26.jpg,high,IGDB正式名・別名の完全一致候補が1件
Shin Megami Tensei V,shinmegamitenseiv,Shin Megami Tensei V,26775,26775,2021-11-12,https://images.igdb.com/igdb/image/upload/t_cover_big/co39zk.jpg,high,IGDB正式名・別名の完全一致候補が1件
Shovel Knight,shovelknight,Shovel Knight,7444,7444,2014-06-26,https://images.igdb.com/igdb/image/upload/t_cover_big/cobaa7.jpg,high,IGDB正式名・別名の完全一致候補が1件
Silent Hill 2,silenthill2,Silent Hill 2,481,481,2001-09-24,https://images.igdb.com/igdb/image/upload/t_cover_big/co2vyg.jpg,medium,同名候補3件。無印タイトルのため最初期リリースを候補化（remake/remasterは統合しない）
Silent Hill 3,silenthill3,Silent Hill 3,482,482,2003-05-23,https://images.igdb.com/igdb/image/upload/t_cover_big/co3kol.jpg,medium,同名候補2件。無印タイトルのため最初期リリースを候補化（remake/remasterは統合しない）
Silent Hill f,silenthillf,Silent Hill,222343,222343,2025-09-25,https://images.igdb.com/igdb/image/upload/t_cover_big/co9wy4.jpg,high,IGDB正式名・別名の完全一致候補が1件
Sonic Adventure,sonicadventure,Sonic Adventure,7860,7860,1998-12-23,https://images.igdb.com/igdb/image/upload/t_cover_big/co5jac.jpg,medium,同名候補3件。無印タイトルのため最初期リリースを候補化（remake/remasterは統合しない）
Sonic Adventure 2,sonicadventure2,Sonic Adventure 2,7858,7858,2001-06-19,https://images.igdb.com/igdb/image/upload/t_cover_big/cobqpd.jpg,medium,同名候補2件。無印タイトルのため最初期リリースを候補化（remake/remasterは統合しない）
Sonic CD,soniccd,Sonic CD,5452,5452,1993-09-23,https://images.igdb.com/igdb/image/upload/t_cover_big/co53t2.jpg,medium,同名候補2件。無印タイトルのため最初期リリースを候補化（remake/remasterは統合しない）
Sonic Colors,soniccolors,Sonic Colors,2267,2267,2010-11-11,https://images.igdb.com/igdb/image/upload/t_cover_big/co4wdr.jpg,medium,同名候補2件。無印タイトルのため最初期リリースを候補化（remake/remasterは統合しない）
Sonic Frontiers,sonicfrontiers,Sonic Frontiers,150010,150010,2022-11-07,https://images.igdb.com/igdb/image/upload/t_cover_big/co5p52.jpg,high,IGDB正式名・別名の完全一致候補が1件
Sonic Generations,sonicgenerations,Sonic Generations,506,506,2011-11-01,https://images.igdb.com/igdb/image/upload/t_cover_big/co1zvv.jpg,medium,同名候補4件。無印タイトルのため最初期リリースを候補化（remake/remasterは統合しない）
Sonic Heroes,sonicheroes,Sonic Heroes,4156,4156,2003-12-30,https://images.igdb.com/igdb/image/upload/t_cover_big/co9olx.jpg,high,IGDB正式名・別名の完全一致候補が1件
Sonic the Hedgehog,sonicthehedgehog,Sonic the Hedgehog,3192,3192,1991-06-23,https://images.igdb.com/igdb/image/upload/t_cover_big/coanlj.jpg,medium,同名候補18件。無印タイトルのため最初期リリースを候補化（remake/remasterは統合しない）
Sonic the Hedgehog 2,sonicthehedgehog2,Sonic the Hedgehog 2,112884,112884,1992-10-16,https://images.igdb.com/igdb/image/upload/t_cover_big/co1zus.jpg,medium,同名候補7件。無印タイトルのため最初期リリースを候補化（remake/remasterは統合しない）
Sonic Unleashed,sonicunleashed,Sonic Unleashed,133942,133942,2008-11-18,https://images.igdb.com/igdb/image/upload/t_cover_big/co2v6n.jpg,medium,同名候補4件。無印タイトルのため最初期リリースを候補化（remake/remasterは統合しない）
Sonic X Shadow Generations,sonicxshadowgenerations,Sonic X Shadow Generations,284716,284716,2024-10-25,https://images.igdb.com/igdb/image/upload/t_cover_big/co8byo.jpg,high,IGDB正式名・別名の完全一致候補が1件
Sound Voltex Nabla,soundvoltexnabla,SOUND VOLTEX,382474,382474,2025-12-24,https://images.igdb.com/igdb/image/upload/t_cover_big/cob3pp.jpg,high,IGDB正式名・別名の完全一致候補が1件
Splatoon,splatoon,Splatoon,7335,7335,2015-05-28,https://images.igdb.com/igdb/image/upload/t_cover_big/cob8ra.jpg,high,IGDB正式名・別名の完全一致候補が1件
Splatoon 2,splatoon2,Splatoon 2,26761,26761,2017-07-21,https://images.igdb.com/igdb/image/upload/t_cover_big/cob8r9.jpg,high,IGDB正式名・別名の完全一致候補が1件
Splatoon 3,splatoon3,Splatoon 3,143613,143613,2022-09-09,https://images.igdb.com/igdb/image/upload/t_cover_big/co59x3.jpg,high,IGDB正式名・別名の完全一致候補が1件
Stardew Valley,stardewvalley,Stardew Valley,17000,17000,2016-02-26,https://images.igdb.com/igdb/image/upload/t_cover_big/coa93h.jpg,high,IGDB正式名・別名の完全一致候補が1件
Stellar Blade,stellarblade,Stellar Blade,117170,117170,2024-04-26,https://images.igdb.com/igdb/image/upload/t_cover_big/co9s0t.jpg,high,IGDB正式名・別名の完全一致候補が1件
Street Fighter 6,streetfighter6,Street Fighter 6,191692,191692,2023-06-02,https://images.igdb.com/igdb/image/upload/t_cover_big/co9wxo.jpg,medium,同名候補2件。無印タイトルのため最初期リリースを候補化（remake/remasterは統合しない）
Street Fighter II,streetfighterii,Street Fighter II,3186,3186,1991-02-01,https://images.igdb.com/igdb/image/upload/t_cover_big/co55et.jpg,medium,同名候補3件。無印タイトルのため最初期リリースを候補化（remake/remasterは統合しない）
Street Fighter III: 3rd Strike,streetfighteriii3rdstrike,Street Fighter III: 3rd Strike,6710,6710,1999-05-12,https://images.igdb.com/igdb/image/upload/t_cover_big/co6bkh.jpg,medium,同名候補3件。無印タイトルのため最初期リリースを候補化（remake/remasterは統合しない）
Street Fighter IV,streetfighteriv,Street Fighter IV,884,884,2008-07-18,https://images.igdb.com/igdb/image/upload/t_cover_big/co1w4t.jpg,high,IGDB正式名・別名の完全一致候補が1件
Super Mario 3D World,supermario3dworld,Super Mario 3D World,2180,2180,2013-11-21,https://images.igdb.com/igdb/image/upload/t_cover_big/cob8wi.jpg,medium,同名候補2件。無印タイトルのため最初期リリースを候補化（remake/remasterは統合しない）
Super Mario Bros.,supermariobros,Super Mario Bros.,358,358,1985-09-13,https://images.igdb.com/igdb/image/upload/t_cover_big/co6pib.jpg,medium,同名候補4件。無印タイトルのため最初期リリースを候補化（remake/remasterは統合しない）
Super Mario Bros. 3,supermariobros3,Super Mario Bros. 3,1068,1068,1988-10-23,https://images.igdb.com/igdb/image/upload/t_cover_big/co7ozx.jpg,medium,同名候補5件。無印タイトルのため最初期リリースを候補化（remake/remasterは統合しない）
Super Mario Bros.: The Lost Levels,supermariobrosthelostlevels,Super Mario Bros. 2,1066,1066,1986-06-03,https://images.igdb.com/igdb/image/upload/t_cover_big/co23bj.jpg,medium,同名候補5件。無印タイトルのため最初期リリースを候補化（remake/remasterは統合しない）
Super Mario Galaxy,supermariogalaxy,Super Mario Galaxy,1077,1077,2007-11-01,https://images.igdb.com/igdb/image/upload/t_cover_big/co21ro.jpg,medium,同名候補5件。無印タイトルのため最初期リリースを候補化（remake/remasterは統合しない）
Super Mario Galaxy 2,supermariogalaxy2,Super Mario Galaxy 2,1078,1078,2010-05-23,https://images.igdb.com/igdb/image/upload/t_cover_big/co21tl.jpg,medium,同名候補2件。無印タイトルのため最初期リリースを候補化（remake/remasterは統合しない）
Super Mario Odyssey,supermarioodyssey,Super Mario Odyssey,26758,26758,2017-10-27,https://images.igdb.com/igdb/image/upload/t_cover_big/co1mxf.jpg,high,IGDB正式名・別名の完全一致候補が1件
Super Mario Sunshine,supermariosunshine,Super Mario Sunshine,1075,1075,2002-07-19,https://images.igdb.com/igdb/image/upload/t_cover_big/cob8q1.jpg,medium,同名候補2件。無印タイトルのため最初期リリースを候補化（remake/remasterは統合しない）
Super Mario World,supermarioworld,Super Mario World,1070,1070,1990-11-21,https://images.igdb.com/igdb/image/upload/t_cover_big/co8lo8.jpg,medium,同名候補4件。無印タイトルのため最初期リリースを候補化（remake/remasterは統合しない）
Super Smash Bros. Brawl,supersmashbrosbrawl,Super Smash Bros. Brawl,1628,1628,2008-01-31,https://images.igdb.com/igdb/image/upload/t_cover_big/co221w.jpg,medium,同名候補2件。無印タイトルのため最初期リリースを候補化（remake/remasterは統合しない）
Super Smash Bros. Melee,supersmashbrosmelee,Super Smash Bros. Melee,1627,1627,2001-11-21,https://images.igdb.com/igdb/image/upload/t_cover_big/co21yv.jpg,high,IGDB正式名・別名の完全一致候補が1件
Super Smash Bros. Ultimate,supersmashbrosultimate,Super Smash Bros. Ultimate,90101,90101,2018-12-07,https://images.igdb.com/igdb/image/upload/t_cover_big/co2255.jpg,high,IGDB正式名・別名の完全一致候補が1件
Taiko no Tatsujin: Niji-iro Version,taikonotatsujinnijiiroversion,Taiko no Tatsujin,319924,319924,2020-03-24,https://images.igdb.com/igdb/image/upload/t_cover_big/coa3xx.jpg,high,IGDB正式名・別名の完全一致候補が1件
Tales of Arise,talesofarise,Tales of Arise,119270,119270,2021-09-10,https://images.igdb.com/igdb/image/upload/t_cover_big/co5ls2.jpg,high,IGDB正式名・別名の完全一致候補が1件
Tales of Berseria,talesofberseria,Tales of Berseria,18812,18812,2016-08-18,https://images.igdb.com/igdb/image/upload/t_cover_big/co1rk1.jpg,high,IGDB正式名・別名の完全一致候補が1件
Tales of Phantasia,talesofphantasia,Tales of Phantasia,1200,1200,1995-12-15,https://images.igdb.com/igdb/image/upload/t_cover_big/co25yi.jpg,medium,同名候補4件。無印タイトルのため最初期リリースを候補化（remake/remasterは統合しない）
Tales of Symphonia,talesofsymphonia,Tales of Symphonia,1204,1204,2003-08-29,https://images.igdb.com/igdb/image/upload/t_cover_big/co1peo.jpg,medium,同名候補3件。無印タイトルのため最初期リリースを候補化（remake/remasterは統合しない）
Tales of the Abyss,talesoftheabyss,Tales of the Abyss,1207,1207,2005-12-15,https://images.igdb.com/igdb/image/upload/t_cover_big/co4yw8.jpg,medium,同名候補2件。無印タイトルのため最初期リリースを候補化（remake/remasterは統合しない）
Tales of Vesperia,talesofvesperia,Tales of Vesperia,1209,1209,2008-08-07,https://images.igdb.com/igdb/image/upload/t_cover_big/co5gb4.jpg,medium,同名候補2件。無印タイトルのため最初期リリースを候補化（remake/remasterは統合しない）
Tekken 3,tekken3,Tekken 3,1244,1244,1997-03-20,https://images.igdb.com/igdb/image/upload/t_cover_big/co8d7q.jpg,medium,同名候補3件。無印タイトルのため最初期リリースを候補化（remake/remasterは統合しない）
Tekken 5,tekken5,Tekken 5,393526,393526,2004-11-16,https://images.igdb.com/igdb/image/upload/t_cover_big/cobp86.jpg,medium,同名候補2件。無印タイトルのため最初期リリースを候補化（remake/remasterは統合しない）
Tekken 7,tekken7,Tekken 7,394038,394038,2015-03-18,https://images.igdb.com/igdb/image/upload/t_cover_big/cobq31.jpg,medium,同名候補2件。無印タイトルのため最初期リリースを候補化（remake/remasterは統合しない）
Tekken 8,tekken8,Tekken 8,217590,217590,2024-01-26,https://images.igdb.com/igdb/image/upload/t_cover_big/co7lbb.jpg,high,IGDB正式名・別名の完全一致候補が1件
Terraria,terraria,Terraria,1879,1879,2011-05-16,https://images.igdb.com/igdb/image/upload/t_cover_big/coaamg.jpg,high,IGDB正式名・別名の完全一致候補が1件
The Elder Scrolls IV: Oblivion,theelderscrollsivoblivion,The Elder Scrolls IV: Oblivion,59,59,2006-03-20,https://images.igdb.com/igdb/image/upload/t_cover_big/co8fpz.jpg,high,IGDB正式名・別名の完全一致候補が1件
The Elder Scrolls V: Skyrim,theelderscrollsvskyrim,The Elder Scrolls V: Skyrim,472,472,2011-11-10,https://images.igdb.com/igdb/image/upload/t_cover_big/cocs1l.jpg,medium,同名候補2件。無印タイトルのため最初期リリースを候補化（remake/remasterは統合しない）
The Idolmaster,theidolmaster,The Idolmaster,281482,281482,2005-07-26,https://images.igdb.com/igdb/image/upload/t_cover_big/co7ksr.jpg,medium,同名候補2件。無印タイトルのため最初期リリースを候補化（remake/remasterは統合しない）
The Idolmaster: Cinderella Girls,theidolmastercinderellagirls,THE IDOLM@STER CINDERELLA GIRLS,11702,11702,2011-11-28,https://images.igdb.com/igdb/image/upload/t_cover_big/co1nu1.jpg,high,IGDB正式名・別名の完全一致候補が1件
The Last of Us,thelastofus,The Last of Us,1009,1009,2013-06-14,https://images.igdb.com/igdb/image/upload/t_cover_big/co1r7f.jpg,high,IGDB正式名・別名の完全一致候補が1件
The Last of Us Part II,thelastofuspartii,The Last of Us Part II,26192,26192,2020-06-19,https://images.igdb.com/igdb/image/upload/t_cover_big/co5ziw.jpg,high,IGDB正式名・別名の完全一致候補が1件
The Legend of Heroes: Trails in the Sky SC,thelegendofheroestrailsintheskysc,Trails in the Sky SC,16665,16665,2006-03-09,https://images.igdb.com/igdb/image/upload/t_cover_big/co74em.jpg,high,IGDB正式名とSC別名から確定
The Legend of Heroes: Trails of Cold Steel,thelegendofheroestrailsofcoldsteel,Trails of Cold Steel,13557,13557,2013-09-26,https://images.igdb.com/igdb/image/upload/t_cover_big/co44ma.jpg,high,2013年原作。II以降・Kai remasterとは分離
The Legend of Heroes: Trails of Cold Steel III,thelegendofheroestrailsofcoldsteeliii,Trails of Cold Steel III,26564,26564,2017-09-28,https://images.igdb.com/igdb/image/upload/t_cover_big/cobb5w.jpg,high,IGDB正式名・別名の完全一致候補が1件
The Legend of Zelda,thelegendofzelda,The Legend of Zelda,1022,1022,1986-02-21,https://images.igdb.com/igdb/image/upload/t_cover_big/co1uii.jpg,high,IGDB正式名・別名の完全一致候補が1件
The Legend of Zelda: A Link to the Past,thelegendofzeldaalinktothepast,The Legend of Zelda: A Link to the Past,1026,1026,1991-11-21,https://images.igdb.com/igdb/image/upload/t_cover_big/co3vzn.jpg,medium,同名候補2件。無印タイトルのため最初期リリースを候補化（remake/remasterは統合しない）
The Legend of Zelda: Breath of the Wild,thelegendofzeldabreathofthewild,The Legend of Zelda: Breath of the Wild,7346,7346,2017-03-03,https://images.igdb.com/igdb/image/upload/t_cover_big/co3p2d.jpg,high,IGDB正式名・別名の完全一致候補が1件
The Legend of Zelda: Majora's Mask,thelegendofzeldamajorasmask,The Legend of Zelda: Majora's Mask,1030,1030,2000-04-27,https://images.igdb.com/igdb/image/upload/t_cover_big/co3pah.jpg,high,IGDB正式名・別名の完全一致候補が1件
The Legend of Zelda: Ocarina of Time,thelegendofzeldaocarinaoftime,The Legend of Zelda: Ocarina of Time,1029,1029,1998-11-21,https://images.igdb.com/igdb/image/upload/t_cover_big/co3nnx.jpg,medium,同名候補2件。無印タイトルのため最初期リリースを候補化（remake/remasterは統合しない）
The Legend of Zelda: Skyward Sword,thelegendofzeldaskywardsword,The Legend of Zelda: Skyward Sword,534,534,2011-11-18,https://images.igdb.com/igdb/image/upload/t_cover_big/co5wrj.jpg,high,IGDB正式名・別名の完全一致候補が1件
The Legend of Zelda: Tears of the Kingdom,thelegendofzeldatearsofthekingdom,The Legend of Zelda: Tears of the Kingdom,119388,119388,2023-05-12,https://images.igdb.com/igdb/image/upload/t_cover_big/co5vmg.jpg,high,IGDB正式名・別名の完全一致候補が1件
The Legend of Zelda: The Wind Waker,thelegendofzeldathewindwaker,The Legend of Zelda: The Wind Waker,1033,1033,2002-12-13,https://images.igdb.com/igdb/image/upload/t_cover_big/co3ohz.jpg,high,IGDB正式名・別名の完全一致候補が1件
The Legend of Zelda: Twilight Princess,thelegendofzeldatwilightprincess,The Legend of Zelda: Twilight Princess,134014,134014,2006-11-19,https://images.igdb.com/igdb/image/upload/t_cover_big/co3w1h.jpg,medium,同名候補3件。無印タイトルのため最初期リリースを候補化（remake/remasterは統合しない）
The Witcher 3: Wild Hunt,thewitcher3wildhunt,The Witcher 3: Wild Hunt,1942,1942,2015-05-19,https://images.igdb.com/igdb/image/upload/t_cover_big/coaarl.jpg,high,IGDB正式名・別名の完全一致候補が1件
The World Ends with You,theworldendswithyou,The World Ends with You,1343,1343,2007-07-26,https://images.igdb.com/igdb/image/upload/t_cover_big/co1n67.jpg,high,IGDB正式名・別名の完全一致候補が1件
Trials of Mana (1995),trialsofmana1995,Trials of Mana,11227,11227,1995-09-30,https://images.igdb.com/igdb/image/upload/t_cover_big/co71wc.jpg,high,Meridian Childは1995年原作（Seiken Densetsu 3）収録。IGDB 119391の2020 remakeとは分離
Triangle Strategy,trianglestrategy,Triangle Strategy,143610,143610,2022-03-04,https://images.igdb.com/igdb/image/upload/t_cover_big/co8wc0.jpg,medium,同名候補2件。無印タイトルのため最初期リリースを候補化（remake/remasterは統合しない）
Ultrakill,ultrakill,ULTRAKILL,124333,124333,2020-09-03,https://images.igdb.com/igdb/image/upload/t_cover_big/co46s3.jpg,high,IGDB正式名・別名の完全一致候補が1件
Uma Musume: Pretty Derby,umamusumeprettyderby,Uma Musume: Pretty Derby,,,,,low,IGDB検索候補なし
Undertale,undertale,Undertale,12517,12517,2015-09-15,https://images.igdb.com/igdb/image/upload/t_cover_big/cob1t2.jpg,high,IGDB正式名・別名の完全一致候補が1件
Wuthering Waves,wutheringwaves,Wuthering Waves,202956,202956,2024-05-22,https://images.igdb.com/igdb/image/upload/t_cover_big/cocqad.jpg,high,IGDB正式名・別名の完全一致候補が1件
Xenoblade Chronicles,xenobladechronicles,Xenoblade Chronicles,2364,2364,2010-06-10,https://images.igdb.com/igdb/image/upload/t_cover_big/coc8ap.jpg,high,IGDB正式名・別名の完全一致候補が1件
Xenoblade Chronicles 2,xenobladechronicles2,Xenoblade Chronicles 2,26766,26766,2017-12-01,https://images.igdb.com/igdb/image/upload/t_cover_big/cob8r2.jpg,high,IGDB正式名・別名の完全一致候補が1件
Xenoblade Chronicles 3,xenobladechronicles3,Xenoblade Chronicles 3,191411,191411,2022-07-29,https://images.igdb.com/igdb/image/upload/t_cover_big/co4ocq.jpg,high,IGDB正式名・別名の完全一致候補が1件
Xenoblade Chronicles X,xenobladechroniclesx,Xenoblade Chronicles X,2366,2366,2015-04-29,https://images.igdb.com/igdb/image/upload/t_cover_big/coavor.jpg,high,IGDB正式名・別名の完全一致候補が1件
Yakuza 0,yakuza0,Like a Dragon 0,11397,11397,2015-03-12,https://images.igdb.com/igdb/image/upload/t_cover_big/co252x.jpg,high,IGDB別名『Like a Dragon 0: The Place of Oath』『龍が如く0 誓いの場所』と一致。Director's Cutとは分離
Yakuza 5,yakuza5,Yakuza 5,2063,2063,2012-12-06,https://images.igdb.com/igdb/image/upload/t_cover_big/co1n1g.jpg,high,IGDB正式名・別名の完全一致候補が1件
Yakuza 6: The Song of Life,yakuza6thesongoflife,Yakuza 6: The Song of Life,12527,12527,2016-12-08,https://images.igdb.com/igdb/image/upload/t_cover_big/co492w.jpg,high,IGDB正式名・別名の完全一致候補が1件
Yakuza Kiwami,yakuzakiwami,Yakuza Kiwami,12595,12595,2016-01-21,https://images.igdb.com/igdb/image/upload/t_cover_big/cob1qh.jpg,high,IGDB正式名・別名の完全一致候補が1件
Yakuza: Like a Dragon,yakuzalikeadragon,Yakuza: Like a Dragon,36550,36550,2020-01-16,https://images.igdb.com/igdb/image/upload/t_cover_big/co2em9.jpg,high,IGDB正式名・別名の完全一致候補が1件
Ys IX: Monstrum Nox,ysixmonstrumnox,Ys IX: Monstrum Nox,113431,113431,2019-09-26,https://images.igdb.com/igdb/image/upload/t_cover_big/co2ate.jpg,high,IGDB正式名・別名の完全一致候補が1件
Ys VIII: Lacrimosa of Dana,ysviiilacrimosaofdana,Ys VIII: Lacrimosa of Dana,27304,27304,2016-07-21,https://images.igdb.com/igdb/image/upload/t_cover_big/co234k.jpg,high,IGDB正式名・別名の完全一致候補が1件
Ys X: Nordics,ysxnordics,Ys X: Nordics,229176,229176,2023-09-28,https://images.igdb.com/igdb/image/upload/t_cover_big/co7s9q.jpg,high,IGDB正式名・別名の完全一致候補が1件
Zenless Zone Zero,zenlesszonezero,Zenless Zone Zero,200551,200551,2024-06-20,https://images.igdb.com/igdb/image/upload/t_cover_big/cocnek.jpg,high,IGDB正式名・別名の完全一致候補が1件
