rank,bgm_title,source_game_title,logical_game_name,existing_game_id,igdb_id,status,confidence,source,reason,existing_bgm_id,existing_title
2,You Will Know Our Names,Xenoblade Chronicles,,291,,known_duplicate,high,https://w.atwiki.jp/gamemusicbest100/pages/11034.html,『名を冠する者たち』の英語ローカライズ名で同一曲,,名を冠する者たち
6,Liyue,Genshin Impact,Genshin Impact,166,119277,existing_duplicate,high,https://www.playstation.com/ja-jp/local/events/playstation-game-music-awards/ranking2025/,既存BGM ID 213（Liyue）と同一logical game・同一または公式対応タイトル,213,Liyue
8,You Will Recall Our Names,Xenoblade Chronicles 2,Xenoblade Chronicles 2,292,26766,existing_duplicate,high,https://w.atwiki.jp/gamemusicbest100/pages/11034.html,既存BGM ID 214（さらに名を冠する者たち）と同一logical game・同一または公式対応タイトル,214,さらに名を冠する者たち
9,To One with Life,Monster Hunter 3,Monster Hunter Tri,217,2268,existing_duplicate,high,https://w.atwiki.jp/gamemusicbest100/pages/11034.html,既存BGM ID 215（生命ある者へ）と同一logical game・同一または公式対応タイトル,215,生命ある者へ
10,Comona,Ace Combat 04: Shattered Skies,Ace Combat 04: Shattered Skies,103,9763,existing_duplicate,high,https://w.atwiki.jp/gamemusicbest100/pages/11034.html,既存BGM ID 216（Comona）と同一logical game・同一または公式対応タイトル,216,Comona
11,Want You Gone,Portal 2,Portal 2,239,72,existing_duplicate,high,https://w.atwiki.jp/gamemusicbest100/pages/11034.html,既存BGM ID 217（Want You Gone）と同一logical game・同一または公式対応タイトル,217,Want You Gone
12,Take the Journey,Honkai: Star Rail,Honkai Star Rail,7,178282,existing_duplicate,high,https://www.playstation.com/ja-jp/local/events/playstation-game-music-awards/ranking2024/,既存BGM ID 218（Take the Journey）と同一logical game・同一または公式対応タイトル,218,Take the Journey
13,Fossil Falls,Super Mario Odyssey,Super Mario Odyssey,264,26758,existing_duplicate,high,https://w.atwiki.jp/gamemusicbest100/pages/11034.html,既存BGM ID 219（Fossil Falls）と同一logical game・同一または公式対応タイトル,219,Fossil Falls
14,The Weight of Life,Xenoblade Chronicles 3,,293,,known_duplicate,high,https://www.playstation.com/ja-jp/local/events/playstation-game-music-awards/ranking2025/,『命を背負って』の英語ローカライズ名で同一曲,,命を背負って
15,Proof of a Hero - MHXX Version,Monster Hunter Generations Ultimate,Monster Hunter Generations Ultimate,214,25623,existing_duplicate,high,https://w.atwiki.jp/gamemusicbest100/pages/11034.html,既存BGM ID 220（英雄の証 ～MHXXver.）と同一logical game・同一または公式対応タイトル,220,英雄の証 ～MHXXver.
16,The Unsung War,Ace Combat 5: The Unsung War,Ace Combat 5: The Unsung War,104,14753,existing_duplicate,high,https://w.atwiki.jp/gamemusicbest100/pages/11034.html,既存BGM ID 221（The Unsung War）と同一logical game・同一または公式対応タイトル,221,The Unsung War
17,Heartache,Undertale,Undertale,289,12517,existing_duplicate,high,https://w.atwiki.jp/gamemusicbest100/pages/11034.html,既存BGM ID 222（Heartache）と同一logical game・同一または公式対応タイトル,222,Heartache
18,Come Alive,Zenless Zone Zero,Zenless Zone Zero,303,200551,existing_duplicate,high,https://www.playstation.com/ja-jp/local/events/playstation-game-music-awards/ranking2025/,既存BGM ID 223（Come Alive）と同一logical game・同一または公式対応タイトル,223,Come Alive
20,Eternal Wind,Final Fantasy III,Final Fantasy III,150,77234,existing_duplicate,high,https://w.atwiki.jp/gamemusicbest100/pages/11034.html,既存BGM ID 224（悠久の風）と同一logical game・同一または公式対応タイトル,224,悠久の風
21,Nay! The Honor is All Ours,Monster Hunter: World,Monster Hunter: World,2,36926,existing_duplicate,high,https://w.atwiki.jp/gamemusicbest100/pages/11034.html,既存BGM ID 225（否！栄冠は我に在り）と同一logical game・同一または公式対応タイトル,225,否！栄冠は我に在り
22,The Round Table,Ace Combat Zero: The Belkan War,Ace Combat Zero: The Belkan War,106,14754,existing_duplicate,high,https://w.atwiki.jp/gamemusicbest100/pages/11034.html,既存BGM ID 226（The Round Table）と同一logical game・同一または公式対応タイトル,226,The Round Table
23,Rude Buster,Deltarune,Deltarune,136,171233,existing_duplicate,high,https://w.atwiki.jp/gamemusicbest100/pages/11034.html,既存BGM ID 227（Rude Buster）と同一logical game・同一または公式対応タイトル,227,Rude Buster
24,Aoharu,Blue Archive,Blue Archive,123,139391,existing_duplicate,high,https://www.playstation.com/ja-jp/local/events/playstation-game-music-awards/ranking2025/,既存BGM ID 228（Aoharu）と同一logical game・同一または公式対応タイトル,228,Aoharu
25,Overworld Theme,The Legend of Zelda,The Legend of Zelda,279,1022,existing_duplicate,high,https://w.atwiki.jp/gamemusicbest100/pages/11034.html,既存BGM ID 229（地上BGM）と同一logical game・同一または公式対応タイトル,229,地上BGM
27,The Invading Tyrant / Bazelgeuse,Monster Hunter: World - Iceborne,Monster Hunter: World - Iceborne,219,113344,existing_duplicate,high,https://w.atwiki.jp/gamemusicbest100/pages/11034.html,既存BGM ID 230（飛来せし気高き非道 ～バゼルギウス）と同一logical game・同一または公式対応タイトル,230,飛来せし気高き非道 ～バゼルギウス
28,Magic Spear I,Ace Combat 7: Skies Unknown,Ace Combat 7: Skies Unknown,105,14758,existing_duplicate,high,https://www.playstation.com/ja-jp/local/events/playstation-game-music-awards/ranking2025/,既存BGM ID 231（Magic Spear I）と同一logical game・同一または公式対応タイトル,231,Magic Spear I
29,City of Tears,Hollow Knight,Hollow Knight,183,14593,existing_duplicate,high,https://w.atwiki.jp/gamemusicbest100/pages/11034.html,既存BGM ID 232（City of Tears）と同一logical game・同一または公式対応タイトル,232,City of Tears
30,Between Two Worlds,Limbus Company,Limbus Company,199,194106,existing_duplicate,high,https://www.playstation.com/ja-jp/local/events/playstation-game-music-awards/ranking2025/,既存BGM ID 233（Between Two Worlds）と同一logical game・同一または公式対応タイトル,233,Between Two Worlds
33,Brave Hunters,Monster Hunter Rise,Monster Hunter Rise,215,138950,existing_duplicate,high,https://www.playstation.com/ja-jp/local/events/playstation-game-music-awards/ranking2025/,既存BGM ID 234（Brave Hunters）と同一logical game・同一または公式対応タイトル,234,Brave Hunters
34,Rough and Decent,Armored Core VI: Fires of Rubicon,Armored Core VI: Fires of Rubicon,111,228542,existing_duplicate,high,https://www.playstation.com/ja-jp/local/events/playstation-game-music-awards/ranking2024/,既存BGM ID 235（Rough and Decent）と同一logical game・同一または公式対応タイトル,235,Rough and Decent
38,Terra's Theme,FINAL FANTASY VI,FINAL FANTASY VI,102,426,existing_duplicate,high,https://w.atwiki.jp/gamemusicbest100/pages/11034.html,既存BGM ID 236（ティナのテーマ）と同一logical game・同一または公式対応タイトル,236,ティナのテーマ
39,Scarlet Feast / Malzeno,Monster Hunter Rise: Sunbreak,Monster Hunter Rise: Sunbreak,216,172425,existing_duplicate,high,https://www.playstation.com/ja-jp/local/events/playstation-game-music-awards/ranking2025/,既存BGM ID 237（朱に染むる夜宴／メル・ゼナ）と同一logical game・同一または公式対応タイトル,237,朱に染むる夜宴／メル・ゼナ
41,First Steps,Celeste,Celeste,127,26226,existing_duplicate,high,https://w.atwiki.jp/gamemusicbest100/pages/11034.html,既存BGM ID 238（First Steps）と同一logical game・同一または公式対応タイトル,238,First Steps
43,Clock Town,The Legend of Zelda: Majora's Mask,The Legend of Zelda: Majora's Mask,281,1030,existing_duplicate,high,https://w.atwiki.jp/gamemusicbest100/pages/11034.html,既存BGM ID 239（クロックタウン）と同一logical game・同一または公式対応タイトル,239,クロックタウン
45,Main Theme,Monster Hunter Wilds,Monster Hunter Wilds,218,279661,existing_duplicate,high,https://www.playstation.com/ja-jp/local/events/playstation-game-music-awards/ranking2025/,既存BGM ID 240（Main Theme）と同一logical game・同一または公式対応タイトル,240,Main Theme
46,Main Theme,Metal Gear Solid 2: Sons of Liberty,Metal Gear Solid 2: Sons of Liberty,205,376,existing_duplicate,high,https://w.atwiki.jp/gamemusicbest100/pages/11034.html,既存BGM ID 241（Main Theme）と同一logical game・同一または公式対応タイトル,241,Main Theme
48,Bangin' Burst,SOUND VOLTEX,Sound Voltex Nabla,257,382474,existing_duplicate,high,https://w.atwiki.jp/gamemusicbest100/pages/11034.html,既存BGM ID 242（Bangin' Burst）と同一logical game・同一または公式対応タイトル,242,Bangin' Burst
49,Great Sea,The Legend of Zelda: The Wind Waker,The Legend of Zelda: The Wind Waker,284,1033,existing_duplicate,high,https://w.atwiki.jp/gamemusicbest100/pages/11034.html,既存BGM ID 243（大海原）と同一logical game・同一または公式対応タイトル,243,大海原
51,Taste the Blood,Devil May Cry 3: Dante's Awakening,Devil May Cry 3: Dante's Awakening,137,136,existing_duplicate,high,https://w.atwiki.jp/gamemusicbest100/pages/11034.html,既存BGM ID 244（Taste the Blood）と同一logical game・同一または公式対応タイトル,244,Taste the Blood
52,Way to Fall,Metal Gear Solid 3: Snake Eater,Metal Gear Solid 3: Snake Eater,206,379,existing_duplicate,high,https://w.atwiki.jp/gamemusicbest100/pages/11034.html,既存BGM ID 245（Way to Fall）と同一logical game・同一または公式対応タイトル,245,Way to Fall
53,Coral Crown,Hades II,Hades II,175,228525,existing_duplicate,high,https://thegameawards.com/nominees/best-score-and-music,既存BGM ID 246（Coral Crown）と同一logical game・同一または公式対応タイトル,246,Coral Crown
54,冥,beatmania IIDX,Beatmania IIDX,121,94920,existing_duplicate,high,https://w.atwiki.jp/gamemusicbest100/pages/11034.html,既存BGM ID 247（冥）と同一logical game・同一または公式対応タイトル,247,冥
58,Silent Hill,Silent Hill,Silent Hill f,253,222343,existing_duplicate,high,https://w.atwiki.jp/gamemusicbest100/pages/11034.html,既存BGM ID 248（Silent Hill）と同一logical game・同一または公式対応タイトル,248,Silent Hill
61,Ballad of the Goddess,The Legend of Zelda: Skyward Sword,The Legend of Zelda: Skyward Sword,282,534,existing_duplicate,high,https://w.atwiki.jp/gamemusicbest100/pages/11034.html,既存BGM ID 249（女神の詩）と同一logical game・同一または公式対応タイトル,249,女神の詩
65,"Restoring the Light, Facing the Dark",Ori and the Blind Forest,Ori and the Blind Forest,227,7344,existing_duplicate,high,https://w.atwiki.jp/gamemusicbest100/pages/11034.html,"既存BGM ID 250（Restoring the Light, Facing the Dark）と同一logical game・同一または公式対応タイトル",250,"Restoring the Light, Facing the Dark"
66,さいたま2000,Taiko no Tatsujin,Taiko no Tatsujin: Niji-iro Version,267,319924,existing_duplicate,high,https://w.atwiki.jp/gamemusicbest100/pages/11034.html,既存BGM ID 251（さいたま2000）と同一logical game・同一または公式対応タイトル,251,さいたま2000
67,Hyrule Castle,The Legend of Zelda: Breath of the Wild,The Legend of Zelda: Breath of the Wild,280,7346,existing_duplicate,high,https://w.atwiki.jp/gamemusicbest100/pages/11034.html,既存BGM ID 252（ハイラル城）と同一logical game・同一または公式対応タイトル,252,ハイラル城
68,Blinded by Light,Final Fantasy XIII,Final Fantasy XIII,154,389,existing_duplicate,high,https://w.atwiki.jp/gamemusicbest100/pages/11034.html,既存BGM ID 253（閃光）と同一logical game・同一または公式対応タイトル,253,閃光
71,Escaping a Foul Presence,Ori and the Will of the Wisps,Ori and the Will of the Wisps,228,37001,existing_duplicate,high,https://w.atwiki.jp/gamemusicbest100/pages/11034.html,既存BGM ID 254（Escaping a Foul Presence）と同一logical game・同一または公式対応タイトル,254,Escaping a Foul Presence
72,Ready Steady,Project SEKAI COLORFUL STAGE!,Hatsune Miku: Colorful Stage!,180,139134,existing_duplicate,high,https://www.playstation.com/ja-jp/local/events/playstation-game-music-awards/ranking2025/,既存BGM ID 255（Ready Steady）と同一logical game・同一または公式対応タイトル,255,Ready Steady
73,Colgera Battle,The Legend of Zelda: Tears of the Kingdom,The Legend of Zelda: Tears of the Kingdom,283,119388,existing_duplicate,high,https://www.playstation.com/ja-jp/local/events/playstation-game-music-awards/ranking2025/,既存BGM ID 256（フリザゲイラ戦）と同一logical game・同一または公式対応タイトル,256,フリザゲイラ戦
74,Somnus,Final Fantasy XV,Final Fantasy XV,156,359,existing_duplicate,high,https://w.atwiki.jp/gamemusicbest100/pages/11034.html,既存BGM ID 257（Somnus）と同一logical game・同一または公式対応タイトル,257,Somnus
76,Geralt of Rivia,The Witcher 3: Wild Hunt,The Witcher 3: Wild Hunt,285,1942,existing_duplicate,high,https://w.atwiki.jp/gamemusicbest100/pages/11034.html,既存BGM ID 258（Geralt of Rivia）と同一logical game・同一または公式対応タイトル,258,Geralt of Rivia
77,Summer (Nature's Crescendo),Stardew Valley,Stardew Valley,261,17000,existing_duplicate,high,https://w.atwiki.jp/gamemusicbest100/pages/11034.html,既存BGM ID 259（Summer (Nature's Crescendo)）と同一logical game・同一または公式対応タイトル,259,Summer (Nature's Crescendo)
78,The Disappearance of Hatsune Miku,Hatsune Miku: Project DIVA,Hatsune Miku: Project Diva,181,11754,existing_duplicate,high,https://w.atwiki.jp/gamemusicbest100/pages/11034.html,既存BGM ID 260（The Disappearance of Hatsune Miku）と同一logical game・同一または公式対応タイトル,260,The Disappearance of Hatsune Miku
80,Ascension,Final Fantasy XVI,Final Fantasy XVI,157,31551,existing_duplicate,high,https://www.playstation.com/ja-jp/local/events/playstation-game-music-awards/ranking2025/,既存BGM ID 261（Ascension）と同一logical game・同一または公式対応タイトル,261,Ascension
82,Never Fade Away,Cyberpunk 2077,Cyberpunk 2077,129,1877,existing_duplicate,high,https://w.atwiki.jp/gamemusicbest100/pages/11034.html,既存BGM ID 262（Never Fade Away）と同一logical game・同一または公式対応タイトル,262,Never Fade Away
83,Underground,Terraria,Terraria,271,1879,existing_duplicate,high,https://w.atwiki.jp/gamemusicbest100/pages/11034.html,既存BGM ID 263（Underground）と同一logical game・同一または公式対応タイトル,263,Underground
85,Candy Mountain,Kirby Super Star,Kirby Super Star,194,3719,existing_duplicate,high,https://w.atwiki.jp/gamemusicbest100/pages/11034.html,既存BGM ID 264（Candy Mountain）と同一logical game・同一または公式対応タイトル,264,Candy Mountain
86,Airbuster,Final Fantasy VII Remake,Final Fantasy VII Remake,152,11169,existing_duplicate,high,https://www.playstation.com/ja-jp/local/events/playstation-game-music-awards/ranking2025/,既存BGM ID 265（エアバスター）と同一logical game・同一または公式対応タイトル,265,エアバスター
88,That's the Way It Is,Red Dead Redemption 2,Red Dead Redemption 2,242,25076,existing_duplicate,high,https://w.atwiki.jp/gamemusicbest100/pages/11034.html,既存BGM ID 266（That's the Way It Is）と同一logical game・同一または公式対応タイトル,266,That's the Way It Is
89,Subwoofer Lullaby,Minecraft: Java Edition,Minecraft: Java Edition,210,121,existing_duplicate,high,https://w.atwiki.jp/gamemusicbest100/pages/11034.html,既存BGM ID 267（Subwoofer Lullaby）と同一logical game・同一または公式対応タイトル,267,Subwoofer Lullaby
90,Rapid as Wildfires,Genshin Impact,Genshin Impact,166,119277,existing_duplicate,high,https://www.playstation.com/ja-jp/local/events/playstation-game-music-awards/ranking2025/,既存BGM ID 268（Rapid as Wildfires）と同一logical game・同一または公式対応タイトル,268,Rapid as Wildfires
92,No Promises to Keep,Final Fantasy VII Rebirth,Final Fantasy VII Rebirth,151,133236,existing_duplicate,high,https://www.playstation.com/ja-jp/local/events/playstation-game-music-awards/ranking2025/,既存BGM ID 269（No Promises to Keep）と同一logical game・同一または公式対応タイトル,269,No Promises to Keep
93,Reset,Ōkami,Ōkami,225,1271,existing_duplicate,high,https://w.atwiki.jp/gamemusicbest100/pages/11034.html,既存BGM ID 270（Reset）と同一logical game・同一または公式対応タイトル,270,Reset
94,Halo,Halo: Combat Evolved,Halo: Combat Evolved,179,740,existing_duplicate,high,https://w.atwiki.jp/gamemusicbest100/pages/11034.html,既存BGM ID 271（Halo）と同一logical game・同一または公式対応タイトル,271,Halo
95,Pigstep,Minecraft,Minecraft,209,135400,existing_duplicate,high,https://www.playstation.com/ja-jp/local/events/playstation-game-music-awards/ranking2025/,既存BGM ID 272（Pigstep）と同一logical game・同一または公式対応タイトル,272,Pigstep
96,Pedujara: Even Immortality Ends,Honkai: Star Rail,Honkai Star Rail,7,178282,existing_duplicate,high,https://www.playstation.com/ja-jp/local/events/playstation-game-music-awards/ranking2024/,既存BGM ID 273（Pedujara: Even Immortality Ends）と同一logical game・同一または公式対応タイトル,273,Pedujara: Even Immortality Ends
97,戦闘！トレーナー,ポケットモンスター 赤・緑,ポケットモンスター 赤・緑,93,1511|1561,existing_duplicate,high,https://w.atwiki.jp/gamemusicbest100/pages/11034.html,既存BGM ID 274（戦闘！トレーナー）と同一logical game・同一または公式対応タイトル,274,戦闘！トレーナー
98,Footfalls,Final Fantasy XIV Online,Final Fantasy XIV: Endwalker,155,143232,existing_duplicate,high,https://w.atwiki.jp/gamemusicbest100/pages/11034.html,既存BGM ID 275（Footfalls）と同一logical game・同一または公式対応タイトル,275,Footfalls
100,Halo Theme Mjolnir Mix,Halo 2,Halo 2,177,986,existing_duplicate,high,https://w.atwiki.jp/gamemusicbest100/pages/11034.html,既存BGM ID 276（Halo Theme Mjolnir Mix）と同一logical game・同一または公式対応タイトル,276,Halo Theme Mjolnir Mix
101,The Cyber Grind,ULTRAKILL,Ultrakill,288,124333,existing_duplicate,high,https://w.atwiki.jp/gamemusicbest100/pages/11034.html,既存BGM ID 277（The Cyber Grind）と同一logical game・同一または公式対応タイトル,277,The Cyber Grind
102,60% Daily,Zenless Zone Zero,Zenless Zone Zero,303,200551,existing_duplicate,high,https://www.playstation.com/ja-jp/local/events/playstation-game-music-awards/ranking2025/,既存BGM ID 278（60% Daily）と同一logical game・同一または公式対応タイトル,278,60% Daily
103,戦闘！野生ポケモン,ポケットモンスター 金・銀,ポケットモンスター 金・銀,94,1513|1558,existing_duplicate,high,https://w.atwiki.jp/gamemusicbest100/pages/11034.html,既存BGM ID 279（戦闘！野生ポケモン）と同一logical game・同一または公式対応タイトル,279,戦闘！野生ポケモン
106,One Final Effort,Halo 3,Halo 3,178,987,existing_duplicate,high,https://w.atwiki.jp/gamemusicbest100/pages/11034.html,既存BGM ID 280（One Final Effort）と同一logical game・同一または公式対応タイトル,280,One Final Effort
107,World's End Valentine,OMORI,Omori,226,26673,existing_duplicate,high,https://w.atwiki.jp/gamemusicbest100/pages/11034.html,既存BGM ID 281（World's End Valentine）と同一logical game・同一または公式対応タイトル,281,World's End Valentine
108,Usagi Flap,Blue Archive,Blue Archive,123,139391,existing_duplicate,high,https://www.playstation.com/ja-jp/local/events/playstation-game-music-awards/ranking2025/,既存BGM ID 282（Usagi Flap）と同一logical game・同一または公式対応タイトル,282,Usagi Flap
109,戦闘！野生ポケモン,ポケットモンスター ルビー・サファイア,ポケットモンスター ルビー・サファイア,95,1515|1557,existing_duplicate,high,https://w.atwiki.jp/gamemusicbest100/pages/11034.html,既存BGM ID 283（戦闘！野生ポケモン）と同一logical game・同一または公式対応タイトル,283,戦闘！野生ポケモン
112,At Doom's Gate,Doom,Doom (1993),139,673,existing_duplicate,high,https://w.atwiki.jp/gamemusicbest100/pages/11034.html,既存BGM ID 284（At Doom's Gate）と同一logical game・同一または公式対応タイトル,284,At Doom's Gate
114,"Fly, My Wings",Limbus Company,Limbus Company,199,194106,existing_duplicate,high,https://www.playstation.com/ja-jp/local/events/playstation-game-music-awards/ranking2025/,"既存BGM ID 285（Fly, My Wings）と同一logical game・同一または公式対応タイトル",285,"Fly, My Wings"
115,戦闘！野生ポケモン,ポケットモンスター ダイヤモンド・パール,ポケットモンスター ダイヤモンド・パール,96,1518|1560,existing_duplicate,high,https://w.atwiki.jp/gamemusicbest100/pages/11034.html,既存BGM ID 286（戦闘！野生ポケモン）と同一logical game・同一または公式対応タイトル,286,戦闘！野生ポケモン
118,BFG Division,DOOM (2016),Doom (2016),140,7351,existing_duplicate,high,https://w.atwiki.jp/gamemusicbest100/pages/11034.html,既存BGM ID 287（BFG Division）と同一logical game・同一または公式対応タイトル,287,BFG Division
119,Cara Mia Addio,Portal 2,Portal 2,239,72,existing_duplicate,high,https://w.atwiki.jp/gamemusicbest100/pages/11034.html,既存BGM ID 288（Cara Mia Addio）と同一logical game・同一または公式対応タイトル,288,Cara Mia Addio
121,戦闘！フロンティアブレーン,Pokémon Platinum,Pokémon Platinum Version,237,1519,existing_duplicate,high,https://w.atwiki.jp/gamemusicbest100/pages/11034.html,既存BGM ID 289（戦闘！フロンティアブレーン）と同一logical game・同一または公式対応タイトル,289,戦闘！フロンティアブレーン
122,Sanctuary,Kingdom Hearts II,Kingdom Hearts II,190,1221,existing_duplicate,high,https://w.atwiki.jp/gamemusicbest100/pages/11034.html,既存BGM ID 290（Sanctuary）と同一logical game・同一または公式対応タイトル,290,Sanctuary
124,The Only Thing They Fear Is You,DOOM Eternal,Doom Eternal,141,103298,existing_duplicate,high,https://w.atwiki.jp/gamemusicbest100/pages/11034.html,既存BGM ID 291（The Only Thing They Fear Is You）と同一logical game・同一または公式対応タイトル,291,The Only Thing They Fear Is You
125,Bonetrousle,Undertale,Undertale,289,12517,existing_duplicate,high,https://w.atwiki.jp/gamemusicbest100/pages/11034.html,既存BGM ID 292（Bonetrousle）と同一logical game・同一または公式対応タイトル,292,Bonetrousle
127,戦闘！野生ポケモン,ポケットモンスター ブラック・ホワイト,ポケットモンスター ブラック・ホワイト,97,1522|1521,existing_duplicate,high,https://w.atwiki.jp/gamemusicbest100/pages/11034.html,既存BGM ID 293（戦闘！野生ポケモン）と同一logical game・同一または公式対応タイトル,293,戦闘！野生ポケモン
128,Song of the Ancients / Devola,NieR Replicant,Nier Replicant,221,80468,existing_duplicate,high,https://w.atwiki.jp/gamemusicbest100/pages/11034.html,既存BGM ID 294（イニシエノウタ／デボル）と同一logical game・同一または公式対応タイトル,294,イニシエノウタ／デボル
131,The World Revolving,Deltarune,Deltarune,136,171233,existing_duplicate,high,https://w.atwiki.jp/gamemusicbest100/pages/11034.html,既存BGM ID 295（The World Revolving）と同一logical game・同一または公式対応タイトル,295,The World Revolving
132,For UltraPlayers,SOUND VOLTEX,Sound Voltex Nabla,257,382474,existing_duplicate,high,https://w.atwiki.jp/gamemusicbest100/pages/11034.html,既存BGM ID 296（For UltraPlayers）と同一logical game・同一または公式対応タイトル,296,For UltraPlayers
133,戦闘！アクロマ,ポケットモンスター ブラック2・ホワイト2,ポケットモンスター ブラック2・ホワイト2,6,8284|8353,existing_duplicate,high,https://w.atwiki.jp/gamemusicbest100/pages/11034.html,既存BGM ID 297（戦闘！アクロマ）と同一logical game・同一または公式対応タイトル,297,戦闘！アクロマ
134,City Ruins - Rays of Light,NieR: Automata,NieR: Automata,222,11208,existing_duplicate,high,https://w.atwiki.jp/gamemusicbest100/pages/11034.html,既存BGM ID 298（遺サレタ場所／斜光）と同一logical game・同一または公式対応タイトル,298,遺サレタ場所／斜光
135,I'm Here,Sonic Frontiers,Sonic Frontiers,254,150010,existing_duplicate,high,https://www.playstation.com/ja-jp/local/events/playstation-game-music-awards/ranking2024/,既存BGM ID 299（I'm Here）と同一logical game・同一または公式対応タイトル,299,I'm Here
136,The Last of Us,The Last of Us,The Last of Us,274,1009,existing_duplicate,high,https://w.atwiki.jp/gamemusicbest100/pages/11034.html,既存BGM ID 300（The Last of Us）と同一logical game・同一または公式対応タイトル,300,The Last of Us
137,Mantis Lords,Hollow Knight,Hollow Knight,183,14593,existing_duplicate,high,https://w.atwiki.jp/gamemusicbest100/pages/11034.html,既存BGM ID 301（Mantis Lords）と同一logical game・同一または公式対応タイトル,301,Mantis Lords
138,V,beatmania IIDX,Beatmania IIDX,121,94920,existing_duplicate,high,https://w.atwiki.jp/gamemusicbest100/pages/11034.html,既存BGM ID 302（V）と同一logical game・同一または公式対応タイトル,302,V
139,戦闘！ヒガナ,Pokémon Omega Ruby and Alpha Sapphire,Pokémon Omega Ruby and Alpha Sapphire,236,6897|6898,existing_duplicate,high,https://w.atwiki.jp/gamemusicbest100/pages/11034.html,既存BGM ID 303（戦闘！ヒガナ）と同一logical game・同一または公式対応タイトル,303,戦闘！ヒガナ
141,All Hail Shadow,Sonic X Shadow Generations,Sonic X Shadow Generations,256,284716,existing_duplicate,high,https://www.playstation.com/ja-jp/local/events/playstation-game-music-awards/ranking2025/,既存BGM ID 304（All Hail Shadow）と同一logical game・同一または公式対応タイトル,304,All Hail Shadow
142,God of War,God of War (2018),God of War,169,19560,existing_duplicate,high,https://w.atwiki.jp/gamemusicbest100/pages/11034.html,既存BGM ID 305（God of War）と同一logical game・同一または公式対応タイトル,305,God of War
145,戦闘！ウルトラネクロズマ,Pokémon Ultra Sun and Ultra Moon,Pokémon Ultra Sun and Ultra Moon,238,36792|36793,existing_duplicate,high,https://w.atwiki.jp/gamemusicbest100/pages/11034.html,既存BGM ID 306（戦闘！ウルトラネクロズマ）と同一logical game・同一または公式対応タイトル,306,戦闘！ウルトラネクロズマ
146,Battle at Journey's End,Octopath Traveler,Octopath Traveler,223,26765,existing_duplicate,high,https://w.atwiki.jp/gamemusicbest100/pages/11034.html,既存BGM ID 307（旅路の果てに立ちはだかる者）と同一logical game・同一または公式対応タイトル,307,旅路の果てに立ちはだかる者
147,24-Hour Cinderella,Like a Dragon 0,Yakuza 0,295,11397,existing_duplicate,high,https://w.atwiki.jp/gamemusicbest100/pages/11034.html,既存BGM ID 308（24-Hour Cinderella）と同一logical game・同一または公式対応タイトル,308,24-Hour Cinderella
148,The Way of the Ghost,Ghost of Tsushima,Ghost of Tsushima,167,75235,existing_duplicate,high,https://www.playstation.com/ja-jp/local/events/playstation-game-music-awards/ranking2025/,既存BGM ID 309（The Way of the Ghost）と同一logical game・同一または公式対応タイトル,309,The Way of the Ghost
149,Scattered and Lost,Celeste,Celeste,127,26226,existing_duplicate,high,https://w.atwiki.jp/gamemusicbest100/pages/11034.html,既存BGM ID 310（Scattered and Lost）と同一logical game・同一または公式対応タイトル,310,Scattered and Lost
150,幽玄ノ乱,Taiko no Tatsujin,Taiko no Tatsujin: Niji-iro Version,267,319924,existing_duplicate,high,https://w.atwiki.jp/gamemusicbest100/pages/11034.html,既存BGM ID 311（幽玄ノ乱）と同一logical game・同一または公式対応タイトル,311,幽玄ノ乱
151,戦闘！マリィ,ポケットモンスター ソード・シールド,ポケットモンスター ソード・シールド,100,115653|37382,existing_duplicate,high,https://w.atwiki.jp/gamemusicbest100/pages/11034.html,既存BGM ID 312（戦闘！マリィ）と同一logical game・同一または公式対応タイトル,312,戦闘！マリィ
152,Critical Clash II,Octopath Traveler II,Octopath Traveler II,224,217554,existing_duplicate,high,https://www.playstation.com/ja-jp/local/events/playstation-game-music-awards/ranking2025/,既存BGM ID 313（決戦2）と同一logical game・同一または公式対応タイトル,313,決戦2
154,Raphael's Final Act,Baldur's Gate 3,Baldur's Gate III,119,119171,existing_duplicate,high,https://www.playstation.com/ja-jp/local/events/playstation-game-music-awards/ranking2025/,既存BGM ID 314（Raphael's Final Act）と同一logical game・同一または公式対応タイトル,314,Raphael's Final Act
156,セカイ,Project SEKAI COLORFUL STAGE!,Hatsune Miku: Colorful Stage!,180,139134,existing_duplicate,high,https://www.playstation.com/ja-jp/local/events/playstation-game-music-awards/ranking2025/,既存BGM ID 315（セカイ）と同一logical game・同一または公式対応タイトル,315,セカイ
157,戦闘！ウォロ,Pokémon Legends: Arceus,Pokémon Legends: Arceus,235,144054,existing_duplicate,high,https://www.playstation.com/ja-jp/local/events/playstation-game-music-awards/ranking2025/,既存BGM ID 316（戦闘！ウォロ）と同一logical game・同一または公式対応タイトル,316,戦闘！ウォロ
158,That Person's Name Is,Bravely Default,Bravely Default,124,4700,existing_duplicate,high,https://w.atwiki.jp/gamemusicbest100/pages/11034.html,既存BGM ID 317（彼の者の名は）と同一logical game・同一または公式対応タイトル,317,彼の者の名は
161,The Titan of Time,Hades II,Hades II,175,228525,existing_duplicate,high,https://thegameawards.com/nominees/best-score-and-music,既存BGM ID 318（The Titan of Time）と同一logical game・同一または公式対応タイトル,318,The Titan of Time
162,World is Mine,Hatsune Miku: Project DIVA,Hatsune Miku: Project Diva,181,11754,existing_duplicate,high,https://w.atwiki.jp/gamemusicbest100/pages/11034.html,既存BGM ID 319（World is Mine）と同一logical game・同一または公式対応タイトル,319,World is Mine
163,戦闘！スター団,ポケットモンスター スカーレット・バイオレット,ポケットモンスター スカーレット・バイオレット,92,191930|191931,existing_duplicate,high,https://www.playstation.com/ja-jp/local/events/playstation-game-music-awards/ranking2025/,既存BGM ID 320（戦闘！スター団）と同一logical game・同一または公式対応タイトル,320,戦闘！スター団
165,Ornstein & Smough,Dark Souls,Dark Souls,130,2155,existing_duplicate,high,https://w.atwiki.jp/gamemusicbest100/pages/11034.html,既存BGM ID 321（Ornstein & Smough）と同一logical game・同一または公式対応タイトル,321,Ornstein & Smough
166,Blockade,Ace Combat 04: Shattered Skies,Ace Combat 04: Shattered Skies,103,9763,existing_duplicate,high,https://w.atwiki.jp/gamemusicbest100/pages/11034.html,既存BGM ID 322（Blockade）と同一logical game・同一または公式対応タイトル,322,Blockade
169,時の海を越えて,ポケモン不思議のダンジョン 時の探検隊・闇の探検隊,ポケモン不思議のダンジョン 時の探検隊・闇の探検隊,91,2322|2321,existing_duplicate,high,https://w.atwiki.jp/gamemusicbest100/pages/11034.html,既存BGM ID 323（時の海を越えて）と同一logical game・同一または公式対応タイトル,323,時の海を越えて
170,Calling,The World Ends with You,The World Ends with You,286,1343,existing_duplicate,high,https://w.atwiki.jp/gamemusicbest100/pages/11034.html,既存BGM ID 324（Calling）と同一logical game・同一または公式対応タイトル,324,Calling
171,Abyss Watchers,Dark Souls III,Dark Souls III,132,11133,existing_duplicate,high,https://w.atwiki.jp/gamemusicbest100/pages/11034.html,既存BGM ID 325（Abyss Watchers）と同一logical game・同一または公式対応タイトル,325,Abyss Watchers
172,First Flight,Ace Combat 5: The Unsung War,Ace Combat 5: The Unsung War,104,14753,existing_duplicate,high,https://w.atwiki.jp/gamemusicbest100/pages/11034.html,既存BGM ID 326（First Flight）と同一logical game・同一または公式対応タイトル,326,First Flight
173,"Naru, Embracing the Light",Ori and the Blind Forest,Ori and the Blind Forest,227,7344,existing_duplicate,high,https://w.atwiki.jp/gamemusicbest100/pages/11034.html,"既存BGM ID 327（Naru, Embracing the Light）と同一logical game・同一または公式対応タイトル",327,"Naru, Embracing the Light"
174,Childe Boss Theme (Rapture of the Chaos),Genshin Impact,Genshin Impact,166,119277,existing_duplicate,high,https://www.playstation.com/ja-jp/local/events/playstation-game-music-awards/ranking2025/,既存BGM ID 328（Childe Boss Theme (Rapture of the Chaos)）と同一logical game・同一または公式対応タイトル,328,Childe Boss Theme (Rapture of the Chaos)
175,シオカラ節,Splatoon,Splatoon,258,7335,existing_duplicate,high,https://w.atwiki.jp/gamemusicbest100/pages/11034.html,既存BGM ID 329（シオカラ節）と同一logical game・同一または公式対応タイトル,329,シオカラ節
177,Cleric Beast,Bloodborne,Bloodborne,122,7334,existing_duplicate,high,https://w.atwiki.jp/gamemusicbest100/pages/11034.html,既存BGM ID 330（Cleric Beast）と同一logical game・同一または公式対応タイトル,330,Cleric Beast
178,Mayhem,Ace Combat Zero: The Belkan War,Ace Combat Zero: The Belkan War,106,14754,existing_duplicate,high,https://w.atwiki.jp/gamemusicbest100/pages/11034.html,既存BGM ID 331（Mayhem）と同一logical game・同一または公式対応タイトル,331,Mayhem
179,Shriek and Ori,Ori and the Will of the Wisps,Ori and the Will of the Wisps,228,37001,existing_duplicate,high,https://w.atwiki.jp/gamemusicbest100/pages/11034.html,既存BGM ID 332（Shriek and Ori）と同一logical game・同一または公式対応タイトル,332,Shriek and Ori
180,Nevermore,Honkai: Star Rail,Honkai Star Rail,7,178282,existing_duplicate,high,https://www.playstation.com/ja-jp/local/events/playstation-game-music-awards/ranking2024/,既存BGM ID 333（Nevermore）と同一logical game・同一または公式対応タイトル,333,Nevermore
181,フライ・オクト・フライ,Splatoon 2,Splatoon 2,259,26761,existing_duplicate,high,https://w.atwiki.jp/gamemusicbest100/pages/11034.html,既存BGM ID 334（フライ・オクト・フライ）と同一logical game・同一または公式対応タイトル,334,フライ・オクト・フライ
182,七英雄バトル,Romancing SaGa 2,Romancing SaGa 2,246,11312,existing_duplicate,high,https://w.atwiki.jp/gamemusicbest100/pages/11034.html,既存BGM ID 335（七英雄バトル）と同一logical game・同一または公式対応タイトル,335,七英雄バトル
183,Genichiro Ashina,Sekiro: Shadows Die Twice,Sekiro: Shadows Die Twice,248,76882,existing_duplicate,high,https://w.atwiki.jp/gamemusicbest100/pages/11034.html,既存BGM ID 336（葦名弦一郎）と同一logical game・同一または公式対応タイトル,336,葦名弦一郎
184,Mimic,Ace Combat 7: Skies Unknown,Ace Combat 7: Skies Unknown,105,14758,existing_duplicate,high,https://www.playstation.com/ja-jp/local/events/playstation-game-music-awards/ranking2025/,既存BGM ID 337（Mimic）と同一logical game・同一または公式対応タイトル,337,Mimic
185,Fall (The Smell of Mushroom),Stardew Valley,Stardew Valley,261,17000,existing_duplicate,high,https://w.atwiki.jp/gamemusicbest100/pages/11034.html,既存BGM ID 338（Fall (The Smell of Mushroom)）と同一logical game・同一または公式対応タイトル,338,Fall (The Smell of Mushroom)
186,Anarchy Rainbow,Splatoon 3,Splatoon 3,260,143613,existing_duplicate,high,https://www.playstation.com/ja-jp/local/events/playstation-game-music-awards/ranking2025/,既存BGM ID 339（Anarchy Rainbow）と同一logical game・同一または公式対応タイトル,339,Anarchy Rainbow
188,Main Theme,Elden Ring,Elden Ring,144,119133,existing_duplicate,high,https://w.atwiki.jp/gamemusicbest100/pages/11034.html,既存BGM ID 340（Main Theme）と同一logical game・同一または公式対応タイトル,340,Main Theme
189,The Man Who Burned It All,Armored Core VI: Fires of Rubicon,Armored Core VI: Fires of Rubicon,111,228542,existing_duplicate,high,https://www.playstation.com/ja-jp/local/events/playstation-game-music-awards/ranking2024/,既存BGM ID 341（The Man Who Burned It All）と同一logical game・同一または公式対応タイトル,341,The Man Who Burned It All
190,Boss 1,Terraria,Terraria,271,1879,existing_duplicate,high,https://w.atwiki.jp/gamemusicbest100/pages/11034.html,既存BGM ID 342（Boss 1）と同一logical game・同一または公式対応タイトル,342,Boss 1
191,Opening,Super Smash Bros. Melee,Super Smash Bros. Melee,265,1627,existing_duplicate,high,https://w.atwiki.jp/gamemusicbest100/pages/11034.html,既存BGM ID 343（Opening）と同一logical game・同一または公式対応タイトル,343,Opening
192,Burn My Dread,Persona 3,Persona 3,229,9577,existing_duplicate,high,https://w.atwiki.jp/gamemusicbest100/pages/11034.html,既存BGM ID 344（Burn My Dread）と同一logical game・同一または公式対応タイトル,344,Burn My Dread
193,Divine Beast Dancing Lion,Elden Ring: Shadow of the Erdtree,Elden Ring: Shadow of the Erdtree,145,240009,existing_duplicate,high,https://www.playstation.com/ja-jp/local/events/playstation-game-music-awards/ranking2025/,既存BGM ID 345（Divine Beast Dancing Lion）と同一logical game・同一または公式対応タイトル,345,Divine Beast Dancing Lion
195,Living Mice,Minecraft: Java Edition,Minecraft: Java Edition,210,121,existing_duplicate,high,https://w.atwiki.jp/gamemusicbest100/pages/11034.html,既存BGM ID 346（Living Mice）と同一logical game・同一または公式対応タイトル,346,Living Mice
197,Full Moon Full Life,Persona 3 Reload,Persona 3 Reload,230,252647,existing_duplicate,high,https://www.playstation.com/ja-jp/local/events/playstation-game-music-awards/ranking2024/,既存BGM ID 347（Full Moon Full Life）と同一logical game・同一または公式対応タイトル,347,Full Moon Full Life
198,A Stranger I Remain,Metal Gear Rising: Revengeance,Metal Gear Rising: Revengeance,204,378,existing_duplicate,high,https://w.atwiki.jp/gamemusicbest100/pages/11034.html,既存BGM ID 348（A Stranger I Remain）と同一logical game・同一または公式対応タイトル,348,A Stranger I Remain
199,Can't Say Goodbye to Yesterday,Metal Gear Solid 2: Sons of Liberty,Metal Gear Solid 2: Sons of Liberty,205,376,existing_duplicate,high,https://w.atwiki.jp/gamemusicbest100/pages/11034.html,既存BGM ID 349（Can't Say Goodbye to Yesterday）と同一logical game・同一または公式対応タイトル,349,Can't Say Goodbye to Yesterday
200,Otherside,Minecraft,Minecraft,209,135400,existing_duplicate,high,https://www.playstation.com/ja-jp/local/events/playstation-game-music-awards/ranking2025/,既存BGM ID 350（Otherside）と同一logical game・同一または公式対応タイトル,350,Otherside
201,Don't Speak Her Name!,Fire Emblem Awakening,Fire Emblem Awakening,158,1443,existing_duplicate,high,https://w.atwiki.jp/gamemusicbest100/pages/11034.html,既存BGM ID 351（貴様らが…姉さんの言葉を語るな！）と同一logical game・同一または公式対応タイトル,351,貴様らが…姉さんの言葉を語るな！
202,"Heartbeat, Heartbreak",Persona 4,Persona 4,231,9600,existing_duplicate,high,https://w.atwiki.jp/gamemusicbest100/pages/11034.html,"既存BGM ID 352（Heartbeat, Heartbreak）と同一logical game・同一または公式対応タイトル",352,"Heartbeat, Heartbreak"
204,Battle in the Base,Metal Gear Solid 3: Snake Eater,Metal Gear Solid 3: Snake Eater,206,379,existing_duplicate,high,https://w.atwiki.jp/gamemusicbest100/pages/11034.html,既存BGM ID 353（Battle in the Base）と同一logical game・同一または公式対応タイトル,353,Battle in the Base
205,ORDER,ULTRAKILL,Ultrakill,288,124333,existing_duplicate,high,https://w.atwiki.jp/gamemusicbest100/pages/11034.html,既存BGM ID 354（ORDER）と同一logical game・同一または公式対応タイトル,354,ORDER
206,Lost in Thoughts All Alone,Fire Emblem Fates,Fire Emblem Fates: Special Edition,160,10229,existing_duplicate,high,https://w.atwiki.jp/gamemusicbest100/pages/11034.html,既存BGM ID 355（if～ひとり思う～）と同一logical game・同一または公式対応タイトル,355,if～ひとり思う～
207,Last Surprise,Persona 5,Persona 5,232,9927,existing_duplicate,high,https://w.atwiki.jp/gamemusicbest100/pages/11034.html,既存BGM ID 356（Last Surprise）と同一logical game・同一または公式対応タイトル,356,Last Surprise
208,Flooded Commercial Sector,Stellar Blade,Stellar Blade,262,117170,existing_duplicate,high,https://www.playstation.com/ja-jp/local/events/playstation-game-music-awards/ranking2025/,既存BGM ID 357（Flooded Commercial Sector）と同一logical game・同一または公式対応タイトル,357,Flooded Commercial Sector
209,Not Tomorrow,Silent Hill,Silent Hill f,253,222343,existing_duplicate,high,https://w.atwiki.jp/gamemusicbest100/pages/11034.html,既存BGM ID 358（Not Tomorrow）と同一logical game・同一または公式対応タイトル,358,Not Tomorrow
210,Final Duet,OMORI,Omori,226,26673,existing_duplicate,high,https://w.atwiki.jp/gamemusicbest100/pages/11034.html,既存BGM ID 359（Final Duet）と同一logical game・同一または公式対応タイトル,359,Final Duet
211,God-Shattering Star,Fire Emblem: Three Houses,Fire Emblem: Three Houses,165,26845,existing_duplicate,high,https://w.atwiki.jp/gamemusicbest100/pages/11034.html,既存BGM ID 115（この世界の頂で）と同一logical game・同一または公式対応タイトル,115,この世界の頂で
212,I Believe,Persona 5 Royal,Persona 5 Royal,233,114283,existing_duplicate,high,https://w.atwiki.jp/gamemusicbest100/pages/11034.html,既存BGM ID 361（I Believe）と同一logical game・同一または公式対応タイトル,361,I Believe
215,Science Is Fun,Portal 2,Portal 2,239,72,existing_duplicate,high,https://w.atwiki.jp/gamemusicbest100/pages/11034.html,既存BGM ID 362（Science Is Fun）と同一logical game・同一または公式対応タイトル,362,Science Is Fun
217,Battle Theme,Metaphor: ReFantazio,Metaphor: ReFantazio,208,26602,existing_duplicate,high,https://www.playstation.com/ja-jp/local/events/playstation-game-music-awards/ranking2025/,既存BGM ID 363（Battle Theme）と同一logical game・同一または公式対応タイトル,363,Battle Theme
218,Ceadeus Battle,Monster Hunter 3,Monster Hunter Tri,217,2268,existing_duplicate,high,https://w.atwiki.jp/gamemusicbest100/pages/11034.html,既存BGM ID 364（月震／ナバルデウス）と同一logical game・同一または公式対応タイトル,364,月震／ナバルデウス
219,Spear of Justice,Undertale,Undertale,289,12517,existing_duplicate,high,https://w.atwiki.jp/gamemusicbest100/pages/11034.html,既存BGM ID 365（Spear of Justice）と同一logical game・同一または公式対応タイトル,365,Spear of Justice
220,Forest Interlude,Donkey Kong Country 2: Diddy's Kong Quest,Donkey Kong Country 2: Diddy's Kong Quest,138,1092,existing_duplicate,high,https://w.atwiki.jp/gamemusicbest100/pages/11034.html,既存BGM ID 366（Forest Interlude）と同一logical game・同一または公式対応タイトル,366,Forest Interlude
221,Sunshine Coastline,Ys VIII: Lacrimosa of Dana,Ys VIII: Lacrimosa of Dana,301,27304,existing_duplicate,high,https://w.atwiki.jp/gamemusicbest100/pages/11034.html,既存BGM ID 367（Sunshine Coastline）と同一logical game・同一または公式対応タイトル,367,Sunshine Coastline
222,Silver-Winged Star / Valstrax,Monster Hunter Generations Ultimate,Monster Hunter Generations Ultimate,214,25623,existing_duplicate,high,https://w.atwiki.jp/gamemusicbest100/pages/11034.html,既存BGM ID 368（銀翼の凶星／バルファルク）と同一logical game・同一または公式対応タイトル,368,銀翼の凶星／バルファルク
223,Mute City,F-Zero,F-Zero,146,3490,existing_duplicate,high,https://w.atwiki.jp/gamemusicbest100/pages/11034.html,既存BGM ID 369（Mute City）と同一logical game・同一または公式対応タイトル,369,Mute City
224,"Silver Will, Golden Wings",Trails in the Sky SC,The Legend of Heroes: Trails in the Sky SC,276,16665,existing_duplicate,high,https://w.atwiki.jp/gamemusicbest100/pages/11034.html,"既存BGM ID 370（Silver Will, Golden Wings）と同一logical game・同一または公式対応タイトル",370,"Silver Will, Golden Wings"
225,Pride of a Nameless Hunter,Monster Hunter: World,Monster Hunter: World,2,36926,existing_duplicate,high,https://w.atwiki.jp/gamemusicbest100/pages/11034.html,既存BGM ID 371（名もなき狩人の矜持）と同一logical game・同一または公式対応タイトル,371,名もなき狩人の矜持
228,Brutish Indigo Rages / Brachydios,Monster Hunter: World - Iceborne,Monster Hunter: World - Iceborne,219,113344,existing_duplicate,high,https://w.atwiki.jp/gamemusicbest100/pages/11034.html,既存BGM ID 372（剛き紺藍 ～ブラキディオス）と同一logical game・同一または公式対応タイトル,372,剛き紺藍 ～ブラキディオス
230,Lumière,Clair Obscur: Expedition 33,Clair Obscur: Expedition 33,128,305152,existing_duplicate,high,https://thegameawards.com/nominees/best-score-and-music,既存BGM ID 373（Lumière）と同一logical game・同一または公式対応タイトル,373,Lumière
231,Sanctuary Abandoned by the Gods,Monster Hunter Rise,Monster Hunter Rise,215,138950,existing_duplicate,high,https://www.playstation.com/ja-jp/local/events/playstation-game-music-awards/ranking2025/,既存BGM ID 374（神が去りし、廃忘の社）と同一logical game・同一または公式対応タイトル,374,神が去りし、廃忘の社
232,Break Free (Lead the Way),Super Mario Odyssey,Super Mario Odyssey,264,26758,existing_duplicate,high,https://w.atwiki.jp/gamemusicbest100/pages/11034.html,既存BGM ID 375（Break Free (Lead the Way)）と同一logical game・同一または公式対応タイトル,375,Break Free (Lead the Way)
233,Engage the Enemy,Xenoblade Chronicles,Xenoblade Chronicles,291,2364,existing_duplicate,high,https://w.atwiki.jp/gamemusicbest100/pages/11034.html,既存BGM ID 376（敵との対峙）と同一logical game・同一または公式対応タイトル,376,敵との対峙
234,Proof of a Hero - Sunbreak Version,Monster Hunter Rise: Sunbreak,,216,,known_duplicate,high,https://www.playstation.com/ja-jp/local/events/playstation-game-music-awards/ranking2025/,『英雄の証：Sunbreak ver.』の英語表記で同一バージョン,,英雄の証：Sunbreak ver.
236,Mor Ardain - Roaming the Wastes,Xenoblade Chronicles 2,Xenoblade Chronicles 2,292,26766,existing_duplicate,high,https://w.atwiki.jp/gamemusicbest100/pages/11034.html,既存BGM ID 377（スペルビア帝国 ～赤土を駆け抜けて～）と同一logical game・同一または公式対応タイトル,377,スペルビア帝国 ～赤土を駆け抜けて～
237,The White Wraith,Monster Hunter Wilds,Monster Hunter Wilds,218,279661,existing_duplicate,high,https://www.playstation.com/ja-jp/local/events/playstation-game-music-awards/ranking2025/,既存BGM ID 378（白の孤影／アルシュベルド）と同一logical game・同一または公式対応タイトル,378,白の孤影／アルシュベルド
238,Dungeon Theme,The Legend of Zelda,The Legend of Zelda,279,1022,existing_duplicate,high,https://w.atwiki.jp/gamemusicbest100/pages/11034.html,既存BGM ID 379（地下BGM）と同一logical game・同一または公式対応タイトル,379,地下BGM
239,Keves Battle,Xenoblade Chronicles 3,Xenoblade Chronicles 3,293,191411,existing_duplicate,high,https://www.playstation.com/ja-jp/local/events/playstation-game-music-awards/ranking2025/,既存BGM ID 380（ケヴェス戦闘）と同一logical game・同一または公式対応タイトル,380,ケヴェス戦闘
240,Divine Hate,Devil May Cry 3: Dante's Awakening,Devil May Cry 3: Dante's Awakening,137,136,existing_duplicate,high,https://w.atwiki.jp/gamemusicbest100/pages/11034.html,既存BGM ID 381（Divine Hate）と同一logical game・同一または公式対応タイトル,381,Divine Hate
242,Battle 2,Final Fantasy III,Final Fantasy III,150,77234,existing_duplicate,high,https://w.atwiki.jp/gamemusicbest100/pages/11034.html,既存BGM ID 382（バトル2）と同一logical game・同一または公式対応タイトル,382,バトル2
247,Song of Healing,The Legend of Zelda: Majora's Mask,,281,,known_duplicate,high,https://w.atwiki.jp/gamemusicbest100/pages/11034.html,『いやしの歌』の英語ローカライズ名で同一曲,,いやしの歌
250,Molgera,The Legend of Zelda: The Wind Waker,The Legend of Zelda: The Wind Waker,284,1033,existing_duplicate,high,https://w.atwiki.jp/gamemusicbest100/pages/11034.html,既存BGM ID 383（モルド・ゲイラ）と同一logical game・同一または公式対応タイトル,383,モルド・ゲイラ
251,Dancing Mad,FINAL FANTASY VI,FINAL FANTASY VI,102,426,existing_duplicate,high,https://w.atwiki.jp/gamemusicbest100/pages/11034.html,既存BGM ID 384（妖星乱舞）と同一logical game・同一または公式対応タイトル,384,妖星乱舞
256,Fi's Farewell,The Legend of Zelda: Skyward Sword,The Legend of Zelda: Skyward Sword,282,534,existing_duplicate,high,https://w.atwiki.jp/gamemusicbest100/pages/11034.html,既存BGM ID 385（ファイとの別れ）と同一logical game・同一または公式対応タイトル,385,ファイとの別れ
259,Guardian Battle,The Legend of Zelda: Breath of the Wild,The Legend of Zelda: Breath of the Wild,280,7346,existing_duplicate,high,https://w.atwiki.jp/gamemusicbest100/pages/11034.html,既存BGM ID 386（ガーディアン戦）と同一logical game・同一または公式対応タイトル,386,ガーディアン戦
261,Ryoshima Coast,Ōkami,Ōkami,225,1271,existing_duplicate,high,https://w.atwiki.jp/gamemusicbest100/pages/11034.html,既存BGM ID 387（両島原）と同一logical game・同一または公式対応タイトル,387,両島原
262,Demon King Ganondorf Battle,The Legend of Zelda: Tears of the Kingdom,The Legend of Zelda: Tears of the Kingdom,283,119388,existing_duplicate,high,https://www.playstation.com/ja-jp/local/events/playstation-game-music-awards/ranking2025/,既存BGM ID 388（魔王ガノンドロフ戦）と同一logical game・同一または公式対応タイトル,388,魔王ガノンドロフ戦
266,The Sunleth Waterscape,Final Fantasy XIII,Final Fantasy XIII,154,389,existing_duplicate,high,https://w.atwiki.jp/gamemusicbest100/pages/11034.html,既存BGM ID 389（サンレス水郷）と同一logical game・同一または公式対応タイトル,389,サンレス水郷
268,Marx Battle,Kirby Super Star,Kirby Super Star,194,3719,existing_duplicate,high,https://w.atwiki.jp/gamemusicbest100/pages/11034.html,既存BGM ID 390（Marx Battle）と同一logical game・同一または公式対応タイトル,390,Marx Battle
269,Apocalypsis Noctis,Final Fantasy XV,Final Fantasy XV,156,359,existing_duplicate,high,https://w.atwiki.jp/gamemusicbest100/pages/11034.html,既存BGM ID 391（Apocalypsis Noctis）と同一logical game・同一または公式対応タイトル,391,Apocalypsis Noctis
272,"No Risk, No Reward",Final Fantasy XVI,Final Fantasy XVI,157,31551,existing_duplicate,high,https://www.playstation.com/ja-jp/local/events/playstation-game-music-awards/ranking2025/,"既存BGM ID 392（No Risk, No Reward）と同一logical game・同一または公式対応タイトル",392,"No Risk, No Reward"
274,戦闘！ジムリーダー,ポケットモンスター 赤・緑,ポケットモンスター 赤・緑,93,1511|1561,existing_duplicate,high,https://w.atwiki.jp/gamemusicbest100/pages/11034.html,既存BGM ID 393（戦闘！ジムリーダー）と同一logical game・同一または公式対応タイトル,393,戦闘！ジムリーダー
275,"Midgar, City of Mako",Final Fantasy VII Remake,Final Fantasy VII Remake,152,11169,existing_duplicate,high,https://www.playstation.com/ja-jp/local/events/playstation-game-music-awards/ranking2025/,"既存BGM ID 394（Midgar, City of Mako）と同一logical game・同一または公式対応タイトル",394,"Midgar, City of Mako"
277,戦闘！トレーナー,ポケットモンスター 金・銀,ポケットモンスター 金・銀,94,1513|1558,existing_duplicate,high,https://w.atwiki.jp/gamemusicbest100/pages/11034.html,既存BGM ID 395（戦闘！トレーナー）と同一logical game・同一または公式対応タイトル,395,戦闘！トレーナー
278,Bow Wow Wow,Final Fantasy VII Rebirth,Final Fantasy VII Rebirth,151,133236,existing_duplicate,high,https://www.playstation.com/ja-jp/local/events/playstation-game-music-awards/ranking2025/,既存BGM ID 396（Bow Wow Wow）と同一logical game・同一または公式対応タイトル,396,Bow Wow Wow
279,戦闘！トレーナー,ポケットモンスター ルビー・サファイア,ポケットモンスター ルビー・サファイア,95,1515|1557,existing_duplicate,high,https://w.atwiki.jp/gamemusicbest100/pages/11034.html,既存BGM ID 397（戦闘！トレーナー）と同一logical game・同一または公式対応タイトル,397,戦闘！トレーナー
280,Close in the Distance,Final Fantasy XIV Online,Final Fantasy XIV: Endwalker,155,143232,existing_duplicate,high,https://w.atwiki.jp/gamemusicbest100/pages/11034.html,既存BGM ID 398（Close in the Distance）と同一logical game・同一または公式対応タイトル,398,Close in the Distance
281,戦闘！トレーナー,ポケットモンスター ダイヤモンド・パール,ポケットモンスター ダイヤモンド・パール,96,1518|1560,existing_duplicate,high,https://w.atwiki.jp/gamemusicbest100/pages/11034.html,既存BGM ID 399（戦闘！トレーナー）と同一logical game・同一または公式対応タイトル,399,戦闘！トレーナー
283,戦闘！ギラティナ,Pokémon Platinum,Pokémon Platinum Version,237,1519,existing_duplicate,high,https://w.atwiki.jp/gamemusicbest100/pages/11034.html,既存BGM ID 400（戦闘！ギラティナ）と同一logical game・同一または公式対応タイトル,400,戦闘！ギラティナ
285,戦闘！トレーナー,ポケットモンスター ブラック・ホワイト,ポケットモンスター ブラック・ホワイト,97,1522|1521,existing_duplicate,high,https://w.atwiki.jp/gamemusicbest100/pages/11034.html,既存BGM ID 401（戦闘！トレーナー）と同一logical game・同一または公式対応タイトル,401,戦闘！トレーナー
287,戦闘！ゲーチス,ポケットモンスター ブラック2・ホワイト2,ポケットモンスター ブラック2・ホワイト2,6,8284|8353,existing_duplicate,high,https://w.atwiki.jp/gamemusicbest100/pages/11034.html,既存BGM ID 402（戦闘！ゲーチス）と同一logical game・同一または公式対応タイトル,402,戦闘！ゲーチス
288,Darkness of the Unknown,Kingdom Hearts II,Kingdom Hearts II,190,1221,existing_duplicate,high,https://w.atwiki.jp/gamemusicbest100/pages/11034.html,既存BGM ID 403（Darkness of the Unknown）と同一logical game・同一または公式対応タイトル,403,Darkness of the Unknown
289,Song of the Ancients / Fate,NieR Replicant,,221,,known_duplicate,high,https://w.atwiki.jp/gamemusicbest100/pages/11034.html,『イニシエノウタ／運命』の英語ローカライズ名で同一曲,,イニシエノウタ／運命
290,Pascal,NieR: Automata,NieR: Automata,222,11208,existing_duplicate,high,https://w.atwiki.jp/gamemusicbest100/pages/11034.html,既存BGM ID 404（パスカル）と同一logical game・同一または公式対応タイトル,404,パスカル
292,Decisive Battle II,Octopath Traveler,Octopath Traveler,223,26765,existing_duplicate,high,https://w.atwiki.jp/gamemusicbest100/pages/11034.html,既存BGM ID 405（決戦2）と同一logical game・同一または公式対応タイトル,405,決戦2
293,Song of Hope,Octopath Traveler II,Octopath Traveler II,224,217554,existing_duplicate,high,https://www.playstation.com/ja-jp/local/events/playstation-game-music-awards/ranking2025/,既存BGM ID 406（きぼうの唄）と同一logical game・同一または公式対応タイトル,406,きぼうの唄
294,Serpent Eating the Ground,Bravely Default,Bravely Default,124,4700,existing_duplicate,high,https://w.atwiki.jp/gamemusicbest100/pages/11034.html,既存BGM ID 407（地平を喰らう蛇）と同一logical game・同一または公式対応タイトル,407,地平を喰らう蛇
296,Don't Worry,Xenoblade Chronicles X,Xenoblade Chronicles X,294,2366,existing_duplicate,high,https://w.atwiki.jp/gamemusicbest100/pages/11034.html,既存BGM ID 408（Don't Worry）と同一logical game・同一または公式対応タイトル,408,Don't Worry
297,To One with Life,Monster Hunter 2,Monster Hunter Tri,217,43668,existing_duplicate,high,https://w.atwiki.jp/gamemusicbest100/pages/11034.html,同一曲『生命ある者へ』の誤ったMonster Hunter 2紐付け。既存BGM ID 215へ統合済み。,215,生命ある者へ
299,The Rain Formerly Known as Purple,Risk of Rain 2,Risk of Rain 2,245,28512,existing_duplicate,high,https://w.atwiki.jp/gamemusicbest100/pages/11034.html,既存BGM ID 410（The Rain Formerly Known as Purple）と同一logical game・同一または公式対応タイトル,410,The Rain Formerly Known as Purple
300,We're Never Giving Up,Goddess of Victory: Nikke,Goddess of Victory: Nikke,171,117199,existing_duplicate,high,https://www.playstation.com/ja-jp/local/events/playstation-game-music-awards/ranking2025/,既存BGM ID 411（We're Never Giving Up）と同一logical game・同一または公式対応タイトル,411,We're Never Giving Up
301,I Am Astro Bot,ASTRO BOT,Astro Bot,114,303811,existing_duplicate,high,https://www.playstation.com/ja-jp/local/events/playstation-game-music-awards/ranking2025/,既存BGM ID 412（I Am Astro Bot）と同一logical game・同一または公式対応タイトル,412,I Am Astro Bot
303,Main Theme,Final Fantasy I,Final Fantasy,149,385,existing_duplicate,high,https://w.atwiki.jp/gamemusicbest100/pages/11034.html,既存BGM ID 413（メイン・テーマ）と同一logical game・同一または公式対応タイトル,413,メイン・テーマ
304,Pokke Village Theme,Monster Hunter Freedom Unite,Monster Hunter Freedom Unite,213,20427,existing_duplicate,high,https://w.atwiki.jp/gamemusicbest100/pages/11034.html,既存BGM ID 414（ポッケ村のテーマ）と同一logical game・同一または公式対応タイトル,414,ポッケ村のテーマ
305,Go Tell Aunt Rhody,Resident Evil 7 biohazard,Resident Evil 7: Biohazard,243,19562,existing_duplicate,high,https://www.playstation.com/ja-jp/local/events/playstation-game-music-awards/ranking2025/,既存BGM ID 415（Go Tell Aunt Rhody）と同一logical game・同一または公式対応タイトル,415,Go Tell Aunt Rhody
306,The Clocktower,Dead Cells,Dead Cells,133,26855,existing_duplicate,high,https://w.atwiki.jp/gamemusicbest100/pages/11034.html,既存BGM ID 416（The Clocktower）と同一logical game・同一または公式対応タイトル,416,The Clocktower
307,Operation Pyrite,Arknights,Arknights,110,123395,existing_duplicate,high,https://www.playstation.com/ja-jp/local/events/playstation-game-music-awards/ranking2025/,既存BGM ID 417（Operation Pyrite）と同一logical game・同一または公式対応タイトル,417,Operation Pyrite
308,Crash Site,ASTRO BOT,Astro Bot,114,303811,existing_duplicate,high,https://www.playstation.com/ja-jp/local/events/playstation-game-music-awards/ranking2025/,既存BGM ID 418（Crash Site）と同一logical game・同一または公式対応タイトル,418,Crash Site
310,The Dalmasca Estersand,Final Fantasy XII,Final Fantasy XII,153,398,existing_duplicate,high,https://w.atwiki.jp/gamemusicbest100/pages/11034.html,既存BGM ID 419（東ダルマスカ砂漠）と同一logical game・同一または公式対応タイトル,419,東ダルマスカ砂漠
311,Golden Mane / Rajang,Monster Hunter 4,Monster Hunter 4,212,65676,existing_duplicate,high,https://w.atwiki.jp/gamemusicbest100/pages/11034.html,既存BGM ID 420（金色の鬣／ラージャン）と同一logical game・同一または公式対応タイトル,420,金色の鬣／ラージャン
312,Yearning for Dark Shadows,Resident Evil Village,Resident Evil Village,244,55163,existing_duplicate,high,https://www.playstation.com/ja-jp/local/events/playstation-game-music-awards/ranking2025/,既存BGM ID 421（Yearning for Dark Shadows）と同一logical game・同一または公式対応タイトル,421,Yearning for Dark Shadows
313,Panacea,Hyper Light Drifter,Hyper Light Drifter,186,9806,existing_duplicate,high,https://w.atwiki.jp/gamemusicbest100/pages/11034.html,既存BGM ID 422（Panacea）と同一logical game・同一または公式対応タイトル,422,Panacea
314,Grand Battle,Fate/Grand Order,Fate/Grand Order,148,24493,existing_duplicate,high,https://www.playstation.com/ja-jp/local/events/playstation-game-music-awards/ranking2025/,既存BGM ID 423（Grand Battle）と同一logical game・同一または公式対応タイトル,423,Grand Battle
315,Papa Tree,ASTRO BOT,Astro Bot,114,303811,existing_duplicate,high,https://www.playstation.com/ja-jp/local/events/playstation-game-music-awards/ranking2025/,既存BGM ID 424（Papa Tree）と同一logical game・同一または公式対応タイトル,424,Papa Tree
317,Face My Fears,Kingdom Hearts III,Kingdom Hearts III,191,2933,existing_duplicate,high,https://w.atwiki.jp/gamemusicbest100/pages/11034.html,既存BGM ID 425（Face My Fears）と同一logical game・同一または公式対応タイトル,425,Face My Fears
319,Remember,Armored Core: For Answer,Armored Core: For Answer,112,5493,existing_duplicate,high,https://w.atwiki.jp/gamemusicbest100/pages/11034.html,既存BGM ID 426（Remember）と同一logical game・同一または公式対応タイトル,426,Remember
320,Strike the Earth!,Shovel Knight,Shovel Knight,252,7444,existing_duplicate,high,https://w.atwiki.jp/gamemusicbest100/pages/11034.html,既存BGM ID 427（Strike the Earth!）と同一logical game・同一または公式対応タイトル,427,Strike the Earth!
321,New World Order,Granblue Fantasy,Granblue Fantasy,172,13623,existing_duplicate,high,https://w.atwiki.jp/gamemusicbest100/pages/11034.html,既存BGM ID 428（New World Order）と同一logical game・同一または公式対応タイトル,428,New World Order
325,Mechanized Memories,Armored Core: Verdict Day,Armored Core: Verdict Day,113,5494,existing_duplicate,high,https://w.atwiki.jp/gamemusicbest100/pages/11034.html,既存BGM ID 429（Mechanized Memories）と同一logical game・同一または公式対応タイトル,429,Mechanized Memories
326,Overdose,Katana ZERO,Katana Zero,189,20150,existing_duplicate,high,https://w.atwiki.jp/gamemusicbest100/pages/11034.html,既存BGM ID 430（Overdose）と同一logical game・同一または公式対応タイトル,430,Overdose
331,Old Snake,Metal Gear Solid 4: Guns of the Patriots,Metal Gear Solid 4: Guns of the Patriots,207,380,existing_duplicate,high,https://w.atwiki.jp/gamemusicbest100/pages/11034.html,既存BGM ID 431（Old Snake）と同一logical game・同一または公式対応タイトル,431,Old Snake
332,It's Pizza Time!,Pizza Tower,Pizza Tower,234,135818,existing_duplicate,high,https://w.atwiki.jp/gamemusicbest100/pages/11034.html,既存BGM ID 432（It's Pizza Time!）と同一logical game・同一または公式対応タイトル,432,It's Pizza Time!
333,Burn My Soul,HEAVEN BURNS RED,Heaven Burns Red,182,132099,existing_duplicate,high,https://www.playstation.com/ja-jp/local/events/playstation-game-music-awards/ranking2025/,既存BGM ID 433（Burn My Soul）と同一logical game・同一または公式対応タイトル,433,Burn My Soul
334,Rainbow Road,Mario Kart 64,Mario Kart 64,201,2342,existing_duplicate,high,https://w.atwiki.jp/gamemusicbest100/pages/11034.html,既存BGM ID 434（Rainbow Road）と同一logical game・同一または公式対応タイトル,434,Rainbow Road
335,Strange World,Dragon Quest VIII,Dragon Quest VIII: Journey of the Cursed King,142,1819,existing_duplicate,high,https://w.atwiki.jp/gamemusicbest100/pages/11034.html,既存BGM ID 435（広い世界へ）と同一logical game・同一または公式対応タイトル,435,広い世界へ
336,Opening Stage X,Mega Man X4,Mega Man X4,203,1744,existing_duplicate,high,https://w.atwiki.jp/gamemusicbest100/pages/11034.html,既存BGM ID 436（Opening Stage X）と同一logical game・同一または公式対応タイトル,436,Opening Stage X
337,BB's Theme,Death Stranding,Death Stranding,134,19564,existing_duplicate,high,https://www.playstation.com/ja-jp/local/events/playstation-game-music-awards/ranking2025/,既存BGM ID 437（BB's Theme）と同一logical game・同一または公式対応タイトル,437,BB's Theme
339,Narwhal,Punishing: Gray Raven,Punishing: Gray Raven,241,132185,existing_duplicate,high,https://w.atwiki.jp/gamemusicbest100/pages/11034.html,既存BGM ID 438（Narwhal）と同一logical game・同一または公式対応タイトル,438,Narwhal
340,Mute City,Mario Kart 8 Deluxe,Mario Kart 8 Deluxe,202,26764,existing_duplicate,high,https://w.atwiki.jp/gamemusicbest100/pages/11034.html,既存BGM ID 439（Mute City）と同一logical game・同一または公式対応タイトル,439,Mute City
341,Unwavering Courage,Dragon Quest XI,Dragon Quest XI: Echoes of an Elusive Age,143,11667,existing_duplicate,high,https://www.playstation.com/ja-jp/local/events/playstation-game-music-awards/ranking2025/,既存BGM ID 440（勇者は征く）と同一logical game・同一または公式対応タイトル,440,勇者は征く
342,The Next Door,Street Fighter IV,Street Fighter IV,263,884,existing_duplicate,high,https://w.atwiki.jp/gamemusicbest100/pages/11034.html,既存BGM ID 441（The Next Door）と同一logical game・同一または公式対応タイトル,441,The Next Door
343,To the Wilder,Death Stranding 2: On the Beach,Death Stranding 2: On the Beach,135,228530,existing_duplicate,high,https://thegameawards.com/nominees/best-score-and-music,既存BGM ID 442（To the Wilder）と同一logical game・同一または公式対応タイトル,442,To the Wilder
344,The Scrybe of Magicks,Inscryption,Inscryption,187,139090,existing_duplicate,high,https://www.playstation.com/ja-jp/local/events/playstation-game-music-awards/ranking2025/,既存BGM ID 443（The Scrybe of Magicks）と同一logical game・同一または公式対応タイトル,443,The Scrybe of Magicks
345,Saving Light,Wuthering Waves,Wuthering Waves,290,202956,existing_duplicate,high,https://www.playstation.com/ja-jp/local/events/playstation-game-music-awards/ranking2025/,既存BGM ID 444（Saving Light）と同一logical game・同一または公式対応タイトル,444,Saving Light
347,Battle of Oblivion,Bravely Second: End Layer,Bravely Second: End Layer,125,11256,existing_duplicate,high,https://w.atwiki.jp/gamemusicbest100/pages/11034.html,既存BGM ID 445（忘れられた戦い）と同一logical game・同一または公式対応タイトル,445,忘れられた戦い
348,Sonic Heroes,Sonic Heroes,Sonic Heroes,255,4156,existing_duplicate,high,https://w.atwiki.jp/gamemusicbest100/pages/11034.html,既存BGM ID 446（Sonic Heroes）と同一logical game・同一または公式対応タイトル,446,Sonic Heroes
353,Breaking Free,NEO: The World Ends with You,NEO: The World Ends with You,220,141192,existing_duplicate,high,https://w.atwiki.jp/gamemusicbest100/pages/11034.html,既存BGM ID 447（Breaking Free）と同一logical game・同一または公式対応タイトル,447,Breaking Free
355,Reign of the Septims,The Elder Scrolls IV: Oblivion,The Elder Scrolls IV: Oblivion,272,59,existing_duplicate,high,https://w.atwiki.jp/gamemusicbest100/pages/11034.html,既存BGM ID 448（Reign of the Septims）と同一logical game・同一または公式対応タイトル,448,Reign of the Septims
356,You're Gonna Need a Bigger Ukulele,Risk of Rain 2,Risk of Rain 2,245,28512,existing_duplicate,high,https://w.atwiki.jp/gamemusicbest100/pages/11034.html,既存BGM ID 449（You're Gonna Need a Bigger Ukulele）と同一logical game・同一または公式対応タイトル,449,You're Gonna Need a Bigger Ukulele
357,お願い！シンデレラ,THE IDOLM@STER CINDERELLA GIRLS,The Idolmaster: Cinderella Girls,273,11702,existing_duplicate,high,https://w.atwiki.jp/gamemusicbest100/pages/11034.html,既存BGM ID 450（お願い！シンデレラ）と同一logical game・同一または公式対応タイトル,450,お願い！シンデレラ
358,Butter Building,Kirby's Adventure,Kirby's Adventure,197,3717,existing_duplicate,high,https://w.atwiki.jp/gamemusicbest100/pages/11034.html,既存BGM ID 451（バタービルディング）と同一logical game・同一または公式対応タイトル,451,バタービルディング
359,Battle #5,SaGa Frontier,SaGa Frontier,247,11310,existing_duplicate,high,https://w.atwiki.jp/gamemusicbest100/pages/11034.html,既存BGM ID 452（Battle #5）と同一logical game・同一または公式対応タイトル,452,Battle #5
361,Theme from San Andreas,Grand Theft Auto: San Andreas,Grand Theft Auto: San Andreas,174,732,existing_duplicate,high,https://w.atwiki.jp/gamemusicbest100/pages/11034.html,既存BGM ID 453（Theme from San Andreas）と同一logical game・同一または公式対応タイトル,453,Theme from San Andreas
362,The Hand of the King,Dead Cells,Dead Cells,133,26855,existing_duplicate,high,https://w.atwiki.jp/gamemusicbest100/pages/11034.html,既存BGM ID 454（The Hand of the King）と同一logical game・同一または公式対応タイトル,454,The Hand of the King
363,Returns,BanG Dream! Girls Band Party!,BanG Dream! Girls Band Party!,120,80138,existing_duplicate,high,https://www.playstation.com/ja-jp/local/events/playstation-game-music-awards/ranking2025/,既存BGM ID 455（Returns）と同一logical game・同一または公式対応タイトル,455,Returns
364,Ripple Star,Kirby 64: The Crystal Shards,Kirby 64: The Crystal Shards,192,2713,existing_duplicate,high,https://w.atwiki.jp/gamemusicbest100/pages/11034.html,既存BGM ID 456（リップルスター）と同一logical game・同一または公式対応タイトル,456,リップルスター
365,Meridian Child,Trials of Mana,Trials of Mana (1995),287,11227,existing_duplicate,high,https://w.atwiki.jp/gamemusicbest100/pages/11034.html,既存BGM ID 457（Meridian Child）と同一logical game・同一または公式対応タイトル,457,Meridian Child
366,Receive You Reborn,Yakuza Kiwami,Yakuza Kiwami,298,12595,existing_duplicate,high,https://w.atwiki.jp/gamemusicbest100/pages/11034.html,既存BGM ID 458（Receive You Reborn）と同一logical game・同一または公式対応タイトル,458,Receive You Reborn
367,Welcome to Los Santos,Grand Theft Auto V,Grand Theft Auto V,173,1020,existing_duplicate,high,https://w.atwiki.jp/gamemusicbest100/pages/11034.html,既存BGM ID 459（Welcome to Los Santos）と同一logical game・同一または公式対応タイトル,459,Welcome to Los Santos
368,The Midnight Wood,Hyper Light Drifter,Hyper Light Drifter,186,9806,existing_duplicate,high,https://w.atwiki.jp/gamemusicbest100/pages/11034.html,既存BGM ID 460（The Midnight Wood）と同一logical game・同一または公式対応タイトル,460,The Midnight Wood
369,Snow halation,Love Live! School Idol Festival,Love Live! School Idol Festival,200,36660,existing_duplicate,high,https://w.atwiki.jp/gamemusicbest100/pages/11034.html,既存BGM ID 461（Snow halation）と同一logical game・同一または公式対応タイトル,461,Snow halation
370,Sky Tower,Kirby's Return to Dream Land,Kirby's Return to Dream Land,198,3725,existing_duplicate,high,https://w.atwiki.jp/gamemusicbest100/pages/11034.html,既存BGM ID 462（Sky Tower）と同一logical game・同一または公式対応タイトル,462,Sky Tower
371,Battle -Fierce Battle-,Shin Megami Tensei III: Nocturne,Shin Megami Tensei III: Nocturne,249,336392,existing_duplicate,high,https://w.atwiki.jp/gamemusicbest100/pages/11034.html,既存BGM ID 463（強制戦闘）と同一logical game・同一または公式対応タイトル,463,強制戦闘
372,Destiny,Yakuza 6: The Song of Life,Yakuza 6: The Song of Life,297,12527,existing_duplicate,high,https://w.atwiki.jp/gamemusicbest100/pages/11034.html,既存BGM ID 464（Destiny）と同一logical game・同一または公式対応タイトル,464,Destiny
373,Hazardous Environments,Half-Life 2,Half-Life 2,176,233,existing_duplicate,high,https://w.atwiki.jp/gamemusicbest100/pages/11034.html,既存BGM ID 465（Hazardous Environments）と同一logical game・同一または公式対応タイトル,465,Hazardous Environments
374,The Schemer,Shovel Knight,Shovel Knight,252,7444,existing_duplicate,high,https://w.atwiki.jp/gamemusicbest100/pages/11034.html,既存BGM ID 466（The Schemer）と同一logical game・同一または公式対応タイトル,466,The Schemer
375,Satellites,Goddess of Victory: Nikke,Goddess of Victory: Nikke,171,117199,existing_duplicate,high,https://www.playstation.com/ja-jp/local/events/playstation-game-music-awards/ranking2025/,既存BGM ID 467（Satellites）と同一logical game・同一または公式対応タイトル,467,Satellites
376,Moonstruck Blossom,Kirby: Triple Deluxe,,196,,known_duplicate,high,https://w.atwiki.jp/gamemusicbest100/pages/11034.html,『狂花水月』の英語ローカライズ名で同一曲,,狂花水月
377,Battle B2,Shin Megami Tensei IV,Shin Megami Tensei IV,250,6886,existing_duplicate,high,https://w.atwiki.jp/gamemusicbest100/pages/11034.html,既存BGM ID 468（Battle B2）と同一logical game・同一または公式対応タイトル,468,Battle B2
378,Receive You The Hyperactive,Yakuza: Like a Dragon,Yakuza: Like a Dragon,299,36550,existing_duplicate,high,https://www.playstation.com/ja-jp/local/events/playstation-game-music-awards/ranking2025/,既存BGM ID 469（Receive You The Hyperactive）と同一logical game・同一または公式対応タイトル,469,Receive You The Hyperactive
380,Blue Room,Katana ZERO,Katana Zero,189,20150,existing_duplicate,high,https://w.atwiki.jp/gamemusicbest100/pages/11034.html,既存BGM ID 470（Blue Room）と同一logical game・同一または公式対応タイトル,470,Blue Room
381,Radiant,Arknights,Arknights,110,123395,existing_duplicate,high,https://www.playstation.com/ja-jp/local/events/playstation-game-music-awards/ranking2025/,既存BGM ID 471（Radiant）と同一logical game・同一または公式対応タイトル,471,Radiant
382,Pink Ball Activate!,Kirby: Planet Robobot,Kirby: Planet Robobot,195,18221,existing_duplicate,high,https://w.atwiki.jp/gamemusicbest100/pages/11034.html,既存BGM ID 472（桃球発進！ロボボアーマー）と同一logical game・同一または公式対応タイトル,472,桃球発進！ロボボアーマー
383,"Battle -Humans, Demons, and...",Shin Megami Tensei V,Shin Megami Tensei V,251,26775,existing_duplicate,high,https://www.playstation.com/ja-jp/local/events/playstation-game-music-awards/ranking2025/,"既存BGM ID 473（Battle -Humans, Demons, and...）と同一logical game・同一または公式対応タイトル",473,"Battle -Humans, Demons, and..."
385,The Last of Us Part II,The Last of Us Part II,The Last of Us Part II,275,26192,existing_duplicate,high,https://www.playstation.com/ja-jp/local/events/playstation-game-music-awards/ranking2025/,既存BGM ID 474（The Last of Us Part II）と同一logical game・同一または公式対応タイトル,474,The Last of Us Part II
386,The Death That I Deservioli,Pizza Tower,Pizza Tower,234,135818,existing_duplicate,high,https://w.atwiki.jp/gamemusicbest100/pages/11034.html,既存BGM ID 475（The Death That I Deservioli）と同一logical game・同一または公式対応タイトル,475,The Death That I Deservioli
387,Dies Irae,Fate/Grand Order,Fate/Grand Order,148,24493,existing_duplicate,high,https://www.playstation.com/ja-jp/local/events/playstation-game-music-awards/ranking2025/,既存BGM ID 476（Dies Irae）と同一logical game・同一または公式対応タイトル,476,Dies Irae
388,The Star Conquering Traveler,Kirby Star Allies,Kirby Star Allies,193,37137,existing_duplicate,high,https://w.atwiki.jp/gamemusicbest100/pages/11034.html,既存BGM ID 477（組曲：星羅征く旅人）と同一logical game・同一または公式対応タイトル,477,組曲：星羅征く旅人
389,Cloaca Maxima,Ys IX: Monstrum Nox,Ys IX: Monstrum Nox,300,113431,existing_duplicate,high,https://w.atwiki.jp/gamemusicbest100/pages/11034.html,既存BGM ID 478（Cloaca Maxima）と同一logical game・同一または公式対応タイトル,478,Cloaca Maxima
391,A Son's Path,God of War Ragnarök,God of War Ragnarök,170,112875,existing_duplicate,high,https://www.playstation.com/ja-jp/local/events/playstation-game-music-awards/ranking2025/,既存BGM ID 479（A Son's Path）と同一logical game・同一または公式対応タイトル,479,A Son's Path
393,Paradise Lost,Granblue Fantasy,Granblue Fantasy,172,13623,existing_duplicate,high,https://w.atwiki.jp/gamemusicbest100/pages/11034.html,既存BGM ID 480（Paradise Lost）と同一logical game・同一または公式対応タイトル,480,Paradise Lost
394,戦闘！野生ポケモン,ポケットモンスター X・Y,ポケットモンスター X・Y,98,2287|2286,existing_duplicate,high,https://w.atwiki.jp/gamemusicbest100/pages/11034.html,既存BGM ID 481（戦闘！野生ポケモン）と同一logical game・同一または公式対応タイトル,481,戦闘！野生ポケモン
395,To Be Free,Ys X: Nordics,Ys X: Nordics,302,229176,existing_duplicate,high,https://www.playstation.com/ja-jp/local/events/playstation-game-music-awards/ranking2025/,既存BGM ID 482（To Be Free）と同一logical game・同一または公式対応タイトル,482,To Be Free
396,The Concept of Love,Jet Set Radio Future,Jet Set Radio Future,188,1570,existing_duplicate,high,https://w.atwiki.jp/gamemusicbest100/pages/11034.html,既存BGM ID 483（The Concept of Love）と同一logical game・同一または公式対応タイトル,483,The Concept of Love
397,Aloy's Theme,Horizon Zero Dawn,Horizon Zero Dawn,185,11156,existing_duplicate,high,https://www.playstation.com/ja-jp/local/events/playstation-game-music-awards/ranking2025/,既存BGM ID 484（Aloy's Theme）と同一logical game・同一または公式対応タイトル,484,Aloy's Theme
398,Deathcard Cabin,Inscryption,Inscryption,187,139090,existing_duplicate,high,https://www.playstation.com/ja-jp/local/events/playstation-game-music-awards/ranking2025/,既存BGM ID 485（Deathcard Cabin）と同一logical game・同一または公式対応タイトル,485,Deathcard Cabin
400,戦闘！しまキング・しまクイーン,ポケットモンスター サン・ムーン,ポケットモンスター サン・ムーン,99,18099|18100,existing_duplicate,high,https://w.atwiki.jp/gamemusicbest100/pages/11034.html,既存BGM ID 486（戦闘！しまキング・しまクイーン）と同一logical game・同一または公式対応タイトル,486,戦闘！しまキング・しまクイーン
401,The Decisive Collision,Trails of Cold Steel,The Legend of Heroes: Trails of Cold Steel,277,13557,existing_duplicate,high,https://w.atwiki.jp/gamemusicbest100/pages/11034.html,既存BGM ID 487（The Decisive Collision）と同一logical game・同一または公式対応タイトル,487,The Decisive Collision
403,In the Flood,Horizon Forbidden West,Horizon Forbidden West,184,112874,existing_duplicate,high,https://www.playstation.com/ja-jp/local/events/playstation-game-music-awards/ranking2025/,既存BGM ID 488（In the Flood）と同一logical game・同一または公式対応タイトル,488,In the Flood
405,Before I Rise,HEAVEN BURNS RED,Heaven Burns Red,182,132099,existing_duplicate,high,https://www.playstation.com/ja-jp/local/events/playstation-game-music-awards/ranking2025/,既存BGM ID 489（Before I Rise）と同一logical game・同一または公式対応タイトル,489,Before I Rise
406,てんくうのとう,ポケモン不思議のダンジョン 青の救助隊・赤の救助隊,ポケモン不思議のダンジョン 青の救助隊・赤の救助隊,101,2319|2320,existing_duplicate,high,https://w.atwiki.jp/gamemusicbest100/pages/11034.html,既存BGM ID 490（てんくうのとう）と同一logical game・同一または公式対応タイトル,490,てんくうのとう
407,Spiral of Erebos,Trails of Cold Steel III,The Legend of Heroes: Trails of Cold Steel III,278,26564,existing_duplicate,high,https://w.atwiki.jp/gamemusicbest100/pages/11034.html,既存BGM ID 491（Spiral of Erebos）と同一logical game・同一または公式対応タイトル,491,Spiral of Erebos
408,Storm Rising,Tekken 8,Tekken 8,270,217590,existing_duplicate,high,https://www.playstation.com/ja-jp/local/events/playstation-game-music-awards/ranking2025/,既存BGM ID 492（Storm Rising）と同一logical game・同一または公式対応タイトル,492,Storm Rising
409,Main Theme,Ghost of Yōtei,Ghost of Yotei,168,317627,existing_duplicate,high,https://thegameawards.com/nominees/best-score-and-music,既存BGM ID 493（Main Theme）と同一logical game・同一または公式対応タイトル,493,Main Theme
410,Hikari,Punishing: Gray Raven,Punishing: Gray Raven,241,132185,existing_duplicate,high,https://w.atwiki.jp/gamemusicbest100/pages/11034.html,既存BGM ID 494（Hikari）と同一logical game・同一または公式対応タイトル,494,Hikari
413,Majula,Dark Souls II,Dark Souls II,131,2368,existing_duplicate,high,https://w.atwiki.jp/gamemusicbest100/pages/11034.html,既存BGM ID 495（Majula）と同一logical game・同一または公式対応タイトル,495,Majula
415,The Shorekeeper,Wuthering Waves,Wuthering Waves,290,202956,existing_duplicate,high,https://www.playstation.com/ja-jp/local/events/playstation-game-music-awards/ranking2025/,既存BGM ID 496（The Shorekeeper）と同一logical game・同一または公式対応タイトル,496,The Shorekeeper
416,Together We Ride,Fire Emblem: The Blazing Blade,Fire Emblem: The Blazing Blade,163,1439,existing_duplicate,high,https://w.atwiki.jp/gamemusicbest100/pages/11034.html,既存BGM ID 497（仲間入り）と同一logical game・同一または公式対応タイトル,497,仲間入り
418,Beginning,Castlevania III: Dracula's Curse,Castlevania III: Dracula's Curse,126,1119,existing_duplicate,high,https://w.atwiki.jp/gamemusicbest100/pages/11034.html,既存BGM ID 498（Beginning）と同一logical game・同一または公式対応タイトル,498,Beginning
419,Safe Room,Resident Evil 7 biohazard,Resident Evil 7: Biohazard,243,19562,existing_duplicate,high,https://www.playstation.com/ja-jp/local/events/playstation-game-music-awards/ranking2025/,既存BGM ID 499（Safe Room）と同一logical game・同一または公式対応タイトル,499,Safe Room
421,Life Returns,Fire Emblem: Path of Radiance,Fire Emblem: Path of Radiance,161,1441,existing_duplicate,high,https://w.atwiki.jp/gamemusicbest100/pages/11034.html,既存BGM ID 500（Life Returns）と同一logical game・同一または公式対応タイトル,500,Life Returns
424,Village of Shadows,Resident Evil Village,Resident Evil Village,244,55163,existing_duplicate,high,https://www.playstation.com/ja-jp/local/events/playstation-game-music-awards/ranking2025/,既存BGM ID 501（Village of Shadows）と同一logical game・同一または公式対応タイトル,501,Village of Shadows
425,Tulip,THE IDOLM@STER CINDERELLA GIRLS,The Idolmaster: Cinderella Girls,273,11702,existing_duplicate,high,https://w.atwiki.jp/gamemusicbest100/pages/11034.html,既存BGM ID 502（Tulip）と同一logical game・同一または公式対応タイトル,502,Tulip
426,Eternal Bond,Fire Emblem: Radiant Dawn,Fire Emblem: Radiant Dawn,162,1442,existing_duplicate,high,https://w.atwiki.jp/gamemusicbest100/pages/11034.html,既存BGM ID 503（絆永久に）と同一logical game・同一または公式対応タイトル,503,絆永久に
427,True Will,Tales of Berseria,Tales of Berseria,269,18812,existing_duplicate,high,https://www.playstation.com/ja-jp/local/events/playstation-game-music-awards/ranking2025/,既存BGM ID 504（True Will）と同一logical game・同一または公式対応タイトル,504,True Will
428,Ancient Rhythm,Monster Hunter 2,Monster Hunter 2,211,43668,existing_duplicate,high,https://w.atwiki.jp/gamemusicbest100/pages/11034.html,既存BGM ID 505（古のリズム）と同一logical game・同一または公式対応タイトル,505,古のリズム
429,Someone is Always Moving on the Surface,Armored Core: For Answer,Armored Core: For Answer,112,5493,existing_duplicate,high,https://w.atwiki.jp/gamemusicbest100/pages/11034.html,既存BGM ID 506（Someone is Always Moving on the Surface）と同一logical game・同一または公式対応タイトル,506,Someone is Always Moving on the Surface
430,FIRE BIRD,BanG Dream! Girls Band Party!,BanG Dream! Girls Band Party!,120,80138,existing_duplicate,high,https://www.playstation.com/ja-jp/local/events/playstation-game-music-awards/ranking2025/,既存BGM ID 507（FIRE BIRD）と同一logical game・同一または公式対応タイトル,507,FIRE BIRD
431,"Bright, Bold Sandstorm",Fire Emblem Engage,Fire Emblem Engage,159,217550,existing_duplicate,high,https://www.playstation.com/ja-jp/local/events/playstation-game-music-awards/ranking2025/,"既存BGM ID 508（Bright, Bold Sandstorm）と同一logical game・同一または公式対応タイトル",508,"Bright, Bold Sandstorm"
432,Flame of Hope,Tales of Arise,Tales of Arise,268,119270,existing_duplicate,high,https://www.playstation.com/ja-jp/local/events/playstation-game-music-awards/ranking2025/,既存BGM ID 509（Flame of Hope）と同一logical game・同一または公式対応タイトル,509,Flame of Hope
433,The Roar of the Spark / Zinogre,Monster Hunter Freedom Unite,モンスターハンターポータブル 3rd,304,20427,existing_duplicate,high,https://w.atwiki.jp/gamemusicbest100/pages/11034.html,ジンオウガ初出作品への紐付けを修正済み。既存BGM ID 510と同一曲。,510,閃烈なる蒼光／ジンオウガ
434,Day After Day,Armored Core: Verdict Day,Armored Core: Verdict Day,113,5494,existing_duplicate,high,https://w.atwiki.jp/gamemusicbest100/pages/11034.html,既存BGM ID 511（Day After Day）と同一logical game・同一または公式対応タイトル,511,Day After Day
435,僕らは今のなかで,Love Live! School Idol Festival,Love Live! School Idol Festival,200,36660,existing_duplicate,high,https://w.atwiki.jp/gamemusicbest100/pages/11034.html,既存BGM ID 512（僕らは今のなかで）と同一logical game・同一または公式対応タイトル,512,僕らは今のなかで
437,Hometown Island,Atelier Ryza: Ever Darkness & the Secret Hideout,Atelier Ryza: Ever Darkness & the Secret Hideout,116,119061,existing_duplicate,high,https://www.playstation.com/ja-jp/local/events/playstation-game-music-awards/ranking2025/,既存BGM ID 513（Hometown Island）と同一logical game・同一または公式対応タイトル,513,Hometown Island
438,A Thousand Shining Blades / Dalamadur,Monster Hunter 4,Monster Hunter 4,212,65676,existing_duplicate,high,https://w.atwiki.jp/gamemusicbest100/pages/11034.html,既存BGM ID 514（千剣に巣食う者／ダラ・アマデュラ）と同一logical game・同一または公式対応タイトル,514,千剣に巣食う者／ダラ・アマデュラ
439,Love Theme,Metal Gear Solid 4: Guns of the Patriots,Metal Gear Solid 4: Guns of the Patriots,207,380,existing_duplicate,high,https://w.atwiki.jp/gamemusicbest100/pages/11034.html,既存BGM ID 515（Love Theme）と同一logical game・同一または公式対応タイトル,515,Love Theme
441,Iris,Atelier Yumia: The Alchemist of Memories & the Envisioned Land,Atelier Yumia: The Alchemist of Memories & the Envisioned Land,118,314943,existing_duplicate,high,https://www.playstation.com/ja-jp/local/events/playstation-game-music-awards/ranking2025/,既存BGM ID 516（Iris）と同一logical game・同一または公式対応タイトル,516,Iris
443,Don't Be So Serious,Death Stranding,Death Stranding,134,19564,existing_duplicate,high,https://www.playstation.com/ja-jp/local/events/playstation-game-music-awards/ranking2025/,既存BGM ID 517（Don't Be So Serious）と同一logical game・同一または公式対応タイトル,517,Don't Be So Serious
445,Black Tar,Xenoblade Chronicles X,Xenoblade Chronicles X,294,2366,existing_duplicate,high,https://w.atwiki.jp/gamemusicbest100/pages/11034.html,既存BGM ID 518（Black Tar）と同一logical game・同一または公式対応タイトル,518,Black Tar
447,Horizon Dreamer,Death Stranding 2: On the Beach,Death Stranding 2: On the Beach,135,228530,existing_duplicate,high,https://thegameawards.com/nominees/best-score-and-music,既存BGM ID 519（Horizon Dreamer）と同一logical game・同一または公式対応タイトル,519,Horizon Dreamer
449,Battle,Final Fantasy I,Final Fantasy,149,385,existing_duplicate,high,https://w.atwiki.jp/gamemusicbest100/pages/11034.html,既存BGM ID 520（戦闘シーン）と同一logical game・同一または公式対応タイトル,520,戦闘シーン
452,Title Theme,Animal Crossing,Animal Crossing,107,2655,existing_duplicate,high,https://w.atwiki.jp/gamemusicbest100/pages/11034.html,既存BGM ID 521（タイトル）と同一logical game・同一または公式対応タイトル,521,タイトル
453,Battle for Freedom,Final Fantasy XII,Final Fantasy XII,153,398,existing_duplicate,high,https://w.atwiki.jp/gamemusicbest100/pages/11034.html,既存BGM ID 522（自由への闘い）と同一logical game・同一または公式対応タイトル,522,自由への闘い
454,Storm Owl Stage,Mega Man X4,Mega Man X4,203,1744,existing_duplicate,high,https://w.atwiki.jp/gamemusicbest100/pages/11034.html,既存BGM ID 523（Storm Owl Stage）と同一logical game・同一または公式対応タイトル,523,Storm Owl Stage
455,7 PM,Animal Crossing: New Leaf,Animal Crossing: New Leaf,109,2687,existing_duplicate,high,https://w.atwiki.jp/gamemusicbest100/pages/11034.html,既存BGM ID 524（午後7時）と同一logical game・同一または公式対応タイトル,524,午後7時
456,Scala ad Caelum,Kingdom Hearts III,Kingdom Hearts III,191,2933,existing_duplicate,high,https://w.atwiki.jp/gamemusicbest100/pages/11034.html,既存BGM ID 525（Scala ad Caelum）と同一logical game・同一または公式対応タイトル,525,Scala ad Caelum
457,Theme of C. Viper,Street Fighter IV,Street Fighter IV,263,884,existing_duplicate,high,https://w.atwiki.jp/gamemusicbest100/pages/11034.html,既存BGM ID 526（ C. Viper's Theme）と同一logical game・同一または公式対応タイトル,526, C. Viper's Theme
458,2 AM,Animal Crossing: New Horizons,Animal Crossing: New Horizons,108,109462,existing_duplicate,high,https://w.atwiki.jp/gamemusicbest100/pages/11034.html,既存BGM ID 527（午前2時）と同一logical game・同一または公式対応タイトル,527,午前2時
460,What I'm Made Of...,Sonic Heroes,Sonic Heroes,255,4156,existing_duplicate,high,https://w.atwiki.jp/gamemusicbest100/pages/11034.html,既存BGM ID 528（What I'm Made Of...）と同一logical game・同一または公式対応タイトル,528,What I'm Made Of...
461,Mute City,F-Zero GX,F-Zero GX,147,3492,existing_duplicate,high,https://w.atwiki.jp/gamemusicbest100/pages/11034.html,既存BGM ID 529（Mute City）と同一logical game・同一または公式対応タイトル,529,Mute City
464,War Cry,Dragon Quest VIII,Dragon Quest VIII: Journey of the Cursed King,142,1819,existing_duplicate,high,https://w.atwiki.jp/gamemusicbest100/pages/11034.html,既存BGM ID 530（雄叫びをあげて）と同一logical game・同一または公式対応タイトル,530,雄叫びをあげて
466,Hero's Challenge,Dragon Quest XI,Dragon Quest XI: Echoes of an Elusive Age,143,11667,existing_duplicate,high,https://www.playstation.com/ja-jp/local/events/playstation-game-music-awards/ranking2025/,既存BGM ID 531（勇者の挑戦）と同一logical game・同一または公式対応タイトル,531,勇者の挑戦
468,The Ones Who Gather Stars in the Night,Bravely Second: End Layer,Bravely Second: End Layer,125,11256,existing_duplicate,high,https://w.atwiki.jp/gamemusicbest100/pages/11034.html,既存BGM ID 532（夜に星を集う者達）と同一logical game・同一または公式対応タイトル,532,夜に星を集う者達
472,Koopa Troopa Beach,Mario Kart 64,Mario Kart 64,201,2342,existing_duplicate,high,https://w.atwiki.jp/gamemusicbest100/pages/11034.html,既存BGM ID 533（ノコノコビーチ）と同一logical game・同一または公式対応タイトル,533,ノコノコビーチ
473,Mount Wario,Mario Kart 8 Deluxe,Mario Kart 8 Deluxe,202,26764,existing_duplicate,high,https://w.atwiki.jp/gamemusicbest100/pages/11034.html,既存BGM ID 534（ワリオスノーマウンテン）と同一logical game・同一または公式対応タイトル,534,ワリオスノーマウンテン
476,Nightmare Wizard,Kirby's Adventure,Kirby's Adventure,197,3717,existing_duplicate,high,https://w.atwiki.jp/gamemusicbest100/pages/11034.html,既存BGM ID 535（ナイトメアウィザード）と同一logical game・同一または公式対応タイトル,535,ナイトメアウィザード
477,Miracle Matter,Kirby 64: The Crystal Shards,Kirby 64: The Crystal Shards,192,2713,existing_duplicate,high,https://w.atwiki.jp/gamemusicbest100/pages/11034.html,既存BGM ID 536（ミラクルマター）と同一logical game・同一または公式対応タイトル,536,ミラクルマター
478,Another Dimension,Kirby's Return to Dream Land,Kirby's Return to Dream Land,198,3725,existing_duplicate,high,https://w.atwiki.jp/gamemusicbest100/pages/11034.html,既存BGM ID 537（アナザーディメンション）と同一logical game・同一または公式対応タイトル,537,アナザーディメンション
479,The World to Win,Kirby: Triple Deluxe,Kirby: Triple Deluxe,196,5440,existing_duplicate,high,https://w.atwiki.jp/gamemusicbest100/pages/11034.html,既存BGM ID 538（この星をかけた魂の戦い）と同一logical game・同一または公式対応タイトル,538,この星をかけた魂の戦い
480,VS. Star Dream Soul OS,Kirby: Planet Robobot,Kirby: Planet Robobot,195,18221,existing_duplicate,high,https://w.atwiki.jp/gamemusicbest100/pages/11034.html,既存BGM ID 539（VS.スタードリーム.Soul OS）と同一logical game・同一または公式対応タイトル,539,VS.スタードリーム.Soul OS
481,Void Termina Battle,Kirby Star Allies,Kirby Star Allies,193,37137,existing_duplicate,high,https://w.atwiki.jp/gamemusicbest100/pages/11034.html,既存BGM ID 540（Void Termina Battle）と同一logical game・同一または公式対応タイトル,540,Void Termina Battle
482,戦闘！トレーナー,ポケットモンスター X・Y,ポケットモンスター X・Y,98,2287|2286,existing_duplicate,high,https://w.atwiki.jp/gamemusicbest100/pages/11034.html,既存BGM ID 541（戦闘！トレーナー）と同一logical game・同一または公式対応タイトル,541,戦闘！トレーナー
485,Battle for the Dream,Yakuza 5,Yakuza 5,296,2063,existing_duplicate,high,https://w.atwiki.jp/gamemusicbest100/pages/11034.html,既存BGM ID 542（Battle for the Dream）と同一logical game・同一または公式対応タイトル,542,Battle for the Dream
486,Lost Princess,Princess Connect! Re:Dive,Princess Connect! Re:Dive,240,22791,existing_duplicate,high,https://www.playstation.com/ja-jp/local/events/playstation-game-music-awards/ranking2025/,既存BGM ID 543（Lost Princess）と同一logical game・同一または公式対応タイトル,543,Lost Princess
490,Connecting Happy!!,Princess Connect! Re:Dive,Princess Connect! Re:Dive,240,22791,existing_duplicate,high,https://www.playstation.com/ja-jp/local/events/playstation-game-music-awards/ranking2025/,既存BGM ID 544（Connecting Happy!!）と同一logical game・同一または公式対応タイトル,544,Connecting Happy!!
491,Determination,Fire Emblem: The Sacred Stones,Fire Emblem: The Sacred Stones,164,1440,existing_duplicate,high,https://w.atwiki.jp/gamemusicbest100/pages/11034.html,既存BGM ID 545（決意）と同一logical game・同一または公式対応タイトル,545,決意
492,"Somewhen, Somewhere...",Atelier Ryza 2: Lost Legends & the Secret Fairy,Atelier Ryza 2: Lost Legends & the Secret Fairy,115,136414,existing_duplicate,high,https://w.atwiki.jp/gamemusicbest100/pages/11034.html,"既存BGM ID 546（Somewhen, Somewhere...）と同一logical game・同一または公式対応タイトル",546,"Somewhen, Somewhere..."
494,Cliffhanger,Atelier Sophie: The Alchemist of the Mysterious Book,Atelier Sophie: The Alchemist of the Mysterious Book,117,12633,existing_duplicate,high,https://w.atwiki.jp/gamemusicbest100/pages/11034.html,既存BGM ID 547（Cliffhanger）と同一logical game・同一または公式対応タイトル,547,Cliffhanger
